MEpink	MEorange	MEblue	MEyellow	MEbrown	MEgreen	MEdarkturquoise	MEblack	MElightgreen	MEdarkgreen	MEmidnightblue	MEred	MEtan	MEdarkgrey	MEmagenta	MEcyan	MEpurple	MEdarkred	MElightyellow	MEgrey60	MEsalmon	MEturquoise	MEroyalblue	MEgreenyellow	MElightcyan	MEgrey
0.0283567248762754	0.00482691008174236	-0.0746131136732327	-0.00943878558229066	-0.026674560844771	0.0393404673545002	-0.016889102431954	0.129169441775383	0.0655809219026226	0.0901643042898967	0.135336494790489	0.00850455322214372	-0.0113395229759802	0.0261696969669735	-0.0652596490349239	-0.0651896373074435	-0.0882474936691788	-0.161197358859511	-0.033352575178496	-0.0551378995255435	0.0381341917076457	0.0997454717026931	-0.0884087334095771	-0.0680970876255681	-0.076586070334617	-0.000511564220086375
0.0322037818179479	0.0157296648940469	-0.0742818926981641	-0.011025655739999	-0.0277817474778898	0.0399640773181338	-0.00703008905459273	0.129049507717553	0.0752045111077438	0.10155948220626	0.130636388881416	0.0135461852385784	-0.0125400861985551	0.0200648321831608	-0.0640737363777018	-0.0700830632165832	-0.0844165077119187	-0.164816401268318	-0.0316291267397244	-0.0483362305249776	0.036163353076623	0.101295646785917	-0.0931934969401848	-0.0753525493886422	-0.0768328292988343	-0.000478982437095189
0.0335970413061242	0.00967430430574594	-0.0749180220908193	-0.0116399395576817	-0.0278754754013107	0.0394014469967928	-0.0116629498321028	0.128913336378583	0.0767708685139712	0.095559124042639	0.136421977346984	0.00938565801490687	-0.00760095790966953	0.0114281428789921	-0.0609302965361676	-0.0672227370053318	-0.0860759144622551	-0.165949514531411	-0.0338265156907785	-0.0456625701308175	0.0414519473704977	0.102360955719497	-0.0896134170728267	-0.0686316082810508	-0.0734513609508537	-0.000531516325786624
0.00533951821685139	0.0447046446697961	-0.107302359389055	-0.0499719456820888	-0.0188559142454958	0.0697040827012192	0.0500291890758737	0.134766761798984	0.0943332230351941	0.0778116690929588	0.12863200029594	0.00259958973986445	-0.0405557324061634	0.0013656978868697	-0.0638865909950071	-0.0689406328130125	-0.0633967297980307	-0.156191363506277	0.00327651767373951	-0.0522728946557031	0.0621101652199324	0.117170747015263	-0.0711907453732319	-0.0481441381571061	-0.0369373321848027	-0.000359259365733188
0.00475188051254501	0.0473059997898988	-0.10986773541123	-0.0490396492606624	-0.0209434403465159	0.0706881368098075	0.0513088309516828	0.133943823381166	0.0972972616747474	0.0734237612212754	0.130725218744692	0.00181734539910971	-0.0383931086684143	-0.0132076769191293	-0.0737067962454366	-0.0718279771990983	-0.0657716014365245	-0.153728943623446	0.00430426387387836	-0.0464225020339118	0.0573714457812154	0.117950772902682	-0.0666620880701634	-0.0543915852806015	-0.0346351684590158	-0.000382441473529975
0.00280726399865499	0.0316318505255879	-0.109109711450672	-0.0496328085797243	-0.0201406623621435	0.0702855606816211	0.0447817215099207	0.130908662429428	0.0909890242661937	0.0855638547426489	0.131770461651489	0.00588542055103924	-0.0414755658155221	0.00676084076110307	-0.0722589764929605	-0.071077145086765	-0.0655143500480424	-0.157758563109746	0.00836623662630597	-0.0484720085130352	0.0580220685105215	0.117714552226085	-0.0697091261399739	-0.0505183581939218	-0.0401639692514244	-0.000526741576538637
0.0187285813345259	0.0501246077966999	-0.0952834309283866	-0.0503689042718829	-0.00530168253869546	0.0698241498706244	0.0203781663769901	0.124631257190754	0.0961698916421626	0.0737686145576875	0.138134017201001	-0.00421878522096909	-0.0427203202813262	0.0160437151843649	-0.0596521005495093	-0.0257032833742917	-0.0736765338331927	-0.143937656733361	-0.0209101597963567	-0.127575521461546	0.0551859961070146	0.111020518796489	-0.132180613691199	-0.102995226674992	-0.0951911851855463	-0.000166034203740851
0.0158117885686545	0.0444985462753226	-0.0939156225453183	-0.0483155497488805	-0.00691172812472585	0.0709011858641754	0.0151093218367729	0.125648296172773	0.0953178710035225	0.0699080168299869	0.139328714988616	-0.00562590744643905	-0.0429291491212071	0.0151915714654538	-0.0585894165057351	-0.0260717506402545	-0.0750557482361248	-0.140956979479014	-0.022513148265133	-0.128882673740043	0.057498862848128	0.112338570666091	-0.126496447881941	-0.108264879441618	-0.0911498469208936	0.000287419803585217
0.0184940938721936	0.0394931620369894	-0.0955958101905515	-0.0508319455450155	-0.00888740566460976	0.071989060420881	0.0250329138959792	0.122541928147884	0.102108623289991	0.0765974148846128	0.136764129051987	-0.0068071649907208	-0.0442254133274023	0.0286463867142193	-0.0607799184189399	-0.0261118499014476	-0.0705605417281078	-0.142271407879238	-0.0218617535849279	-0.123631041584214	0.0547300548048901	0.110345346952693	-0.128149576710817	-0.10606172871051	-0.0894389593031068	-0.000155773950697922
0.187374097215706	0.16020705594897	0.114517462833918	0.105395931688762	0.335163074175957	0.179474112863653	0.0850059148137428	-0.0249241432171147	0.197342801351445	-0.248329606618622	-0.0723765677955031	-0.337610231841176	-0.194952305810407	-0.144348111131249	-0.185584453086627	-0.058780434001607	-0.0974627809452659	0.137366299386514	0.137574715666224	0.0144890212766713	-0.112157440192182	-0.24862508734065	0.110577675657879	-0.165111967926001	0.0173405794893496	-0.000139056700584653
0.189663806463172	0.15015207589292	0.115077333874448	0.106952739001821	0.336317875674001	0.183931771793646	0.0807447126706749	-0.0203151851154565	0.199044868573138	-0.241292756777438	-0.0791562315382778	-0.337636551030683	-0.192162826502909	-0.122965967814209	-0.180848115683885	-0.056242376736661	-0.106665772445941	0.140443920404061	0.141363556054015	0.0101642725057331	-0.114960967665612	-0.248878137083956	0.0960224799851512	-0.157669169497298	0.0200727113706187	-4.74419757889483e-05
0.18628824791954	0.154193513728766	0.114177511207672	0.102809132499549	0.333974980375008	0.179273565944591	0.0808817543707369	-0.0270591495752738	0.187827315502013	-0.244902182520717	-0.0762522855207095	-0.336119831789567	-0.188539330011264	-0.139548176006936	-0.181389357154292	-0.0676785807659393	-0.109247267896612	0.143047332266013	0.137773889990083	0.00745764560243862	-0.120613069895077	-0.252540257705936	0.102466712909024	-0.169425176410157	0.0169694036439521	-0.00010326555653942
0.188519268107409	0.155083423837345	0.116192305173337	0.105855035424942	0.33620103577989	0.182893622989283	0.0806895410123001	-0.0280136099527988	0.187016633265702	-0.234605486608969	-0.0782650472879262	-0.342277969408459	-0.178933873434887	-0.123596492416955	-0.17756571444548	-0.0645816986079591	-0.111526188498451	0.147129689900527	0.137625097162778	0.0157177988171585	-0.112646350132711	-0.244400347890653	0.100760531878047	-0.163277647688189	0.0189761845905289	-2.07019699693902e-05
0.0730404465703732	0.131330026922959	0.083323945350369	0.123942373321425	0.391768340353744	0.26659586002629	0.0608640628929689	-0.00416636793954243	0.247673635888116	-0.339111125526084	-0.129773609781401	-0.359848712852091	-0.234146673509456	-0.19527958685389	-0.153168855470536	-0.0468010658388486	-0.085176049226034	0.220396400813761	0.122354880005872	-0.0305349613772796	-0.0710412412950699	-0.216712802383233	0.104784240718167	-0.243704674208539	-0.0522250027484717	-5.85706254410679e-05
0.0703989065794417	0.151329479096195	0.083190284840961	0.120575460873039	0.39175877267724	0.268474965042468	0.0576392755986037	-0.00453152984433867	0.241758609731654	-0.337686414316831	-0.121697659836935	-0.362922727227234	-0.240787644737317	-0.191431930383926	-0.151554073252416	-0.0404253958220984	-0.090089647640414	0.226287471613278	0.129897541485912	-0.0301576732790299	-0.0700753222027462	-0.218662311383074	0.0994109092211233	-0.25377255183048	-0.0447713969345167	1.84084773500293e-05
0.0740252631251237	0.151379478229761	0.0828688066464911	0.119935528487573	0.39326804398692	0.26798612563403	0.0608659241838257	-0.00210506970788725	0.244579762093988	-0.356666047437361	-0.118287692622414	-0.365222811142631	-0.242719307586774	-0.191941107367181	-0.149797221912111	-0.0454161636760976	-0.0838360890356872	0.214709862089031	0.121854185900729	-0.0255563729512984	-0.0784632800668843	-0.218082609744508	0.0954929502245777	-0.256186236369453	-0.0474705857674932	0.000129751814989533
0.329075311443168	0.0723608821077391	0.20366444426867	0.171304006223744	-0.00997933498468032	-0.213786471756852	-0.0492236380072176	0.044669085416716	0.0467493280258129	0.173594684579517	0.0327474137506913	0.0273960701266003	0.205318595683788	0.166985127530987	-0.0621263008947175	-0.0526142493472828	-0.100892283731574	-0.0701038202055675	0.00312731047275933	-0.186273357110192	-0.20461362342794	-0.177344417965347	-0.172848694214852	-0.108128795699543	-0.0862149231047469	9.36912498772169e-05
0.33164631044242	0.0713334696606922	0.203843952539127	0.168671402618049	-0.00940304465762041	-0.211110373626981	-0.0518531225429582	0.0543352243227177	0.0446117884300217	0.155417869936028	0.0313763378357503	0.0257129478882959	0.210322195127953	0.16435240898455	-0.0537504456686813	-0.0567520624973133	-0.110381552781631	-0.0586175124287031	0.0161244327662275	-0.193139661456615	-0.207623557098254	-0.175686643066875	-0.175115062751266	-0.104456526817439	-0.0937551323765452	9.94491580951872e-06
0.334404490198807	0.066775914179159	0.203634072620633	0.171016740648841	-0.0103789158698322	-0.212881600099906	-0.0546834595418933	0.051506903244891	0.0421345484580078	0.171627297579408	0.0310971519873628	0.028703580932138	0.204872953413441	0.156733048802463	-0.0462592248606663	-0.0570752495016843	-0.102171280230253	-0.0589263283560562	0.00995594031311458	-0.184190599625166	-0.212222595198745	-0.176379707035002	-0.169194819784136	-0.107256199514034	-0.0893008451837979	6.15353578766327e-05
0.33475354298905	0.0580918897259144	0.204702705834868	0.171023270593293	-0.00681873034497006	-0.208667202427503	-0.0497453202645449	0.0502810122493265	0.0476857843187862	0.165320684387801	0.0319039660769319	0.0261155789007986	0.214808168259411	0.177498441960588	-0.0509840048365728	-0.05841675009727	-0.10362032722345	-0.0563917074522095	0.012818639076619	-0.195703814991978	-0.217100664733278	-0.175665500164891	-0.163643279721414	-0.111773078933976	-0.0927896169829155	0.000121138348944913
-0.0732035871486124	0.11501893792667	0.0649727542990969	0.0660912356258758	-0.0214137324082132	-0.0652288034750545	-0.159607753403547	-0.0482368534227214	-0.0927457838580739	-0.0679015658244177	-0.145164349099044	0.0430714436913666	0.052590477788961	-0.0115451244647827	0.0821964792973292	0.276430541380462	0.0886534528312767	0.0834841992670092	0.181067431360043	0.0446787406551619	-0.0289457011389762	-0.0590644306233068	-0.062621222389834	-0.082573349400948	-0.124285923756207	-0.000153385087755432
-0.0708322928377312	0.110578075237108	0.0657460930028042	0.0665029718949378	-0.0194627326773281	-0.0607071524961459	-0.15673482470971	-0.0466379548718495	-0.102197392281769	-0.0596563835301856	-0.138812642886067	0.0415225955746407	0.0545483834428294	0.00320721071787138	0.0863680598573883	0.27593390173833	0.0959273607785698	0.0886775593637254	0.181431554900323	0.0400567616995517	-0.0272015131870013	-0.0572018191814479	-0.0735855617788533	-0.0771609772979317	-0.121338687974249	-0.00024192297582966
-0.0734695042523107	0.119540966978985	0.0666572494592454	0.0679598849703339	-0.0190527786155319	-0.0629554651354647	-0.153425796042989	-0.0470899416048152	-0.104189882303444	-0.063246468972029	-0.145209428792391	0.0464577166818179	0.055052136127667	0.00567316578117985	0.0857857454272311	0.277578274678725	0.0892296166332363	0.0894218038714257	0.182164383447152	0.0435017593561779	-0.0326815100571011	-0.0565911486800452	-0.067469976856589	-0.0814661306513122	-0.118680209461302	-0.000233782501007589
-0.0652235719128877	0.109173255718615	0.0653884513522504	0.0674901215603548	-0.0207538485379495	-0.0632522430390597	-0.15766073169941	-0.0458698241664791	-0.112844327147163	-0.061685751620109	-0.146044941573409	0.0438384689662925	0.0529770753152815	-0.00904237118880157	0.085248337834858	0.279030484765466	0.0926155399917539	0.0820069150249536	0.185488488376573	0.0397657493822583	-0.0324568896613485	-0.0577483671289031	-0.0763935439981381	-0.0786211378261788	-0.126612439778747	-0.00025984524656205
-0.0838782215083344	0.175494727152804	0.0548177846096015	0.068460220581798	-0.0209356127009591	-0.059158548530346	-0.115088715104223	-0.0131727697236146	-0.0973679911856189	-0.0860110535433733	-0.160963004691619	0.0423553031964731	0.0403340902936496	-0.0361732338239219	0.0737912351716632	-0.0202819530233264	0.09731060970207	0.0859653676780777	0.149865639185789	0.0848233796700207	-0.0348407810579997	-0.0577198617011051	-0.0321906599142958	-0.0367569623822963	-0.097875125678065	-0.000181919140519903
-0.0759454113530705	0.179942132728227	0.0552340411762427	0.0679616982860255	-0.0198770214546527	-0.0531629963933776	-0.112960866852068	-0.0135115496866643	-0.09565706673693	-0.0875528628105602	-0.158219769209497	0.0443981616872427	0.0473699323288665	-0.0396641528404227	0.0703676379275866	-0.018097220529922	0.104194491192961	0.0931985590780128	0.156066140229041	0.0899532054805646	-0.0311390606318457	-0.0559038379535699	-0.029377105859494	-0.0340945740472286	-0.0933419446363509	-0.000230970748136716
-0.082405765872779	0.178006319230191	0.0546457817860064	0.069594178965275	-0.0194623684662482	-0.05703120738424	-0.121452808471501	-0.0138268873945103	-0.0971218859971848	-0.0829951898140008	-0.158997157112256	0.0448710605329236	0.0429681183111371	-0.0391980563594688	0.0674028897586971	-0.0128253286791556	0.0989796676254557	0.0908936741947562	0.155185333728604	0.0854377659369448	-0.0364846561745642	-0.0574466352552738	-0.0337684046643266	-0.0311228777874707	-0.0933748875067363	0.000179239710728146
-0.0818164348767818	0.175070263027117	0.0546449380918423	0.0703665673470725	-0.0188284077247462	-0.0561453989893789	-0.12269857304527	-0.0144340969280222	-0.100617404650371	-0.100032214233463	-0.161722991949135	0.0413181036411692	0.0415976000060169	-0.0399828563762364	0.0705319322908765	-0.0170172115366917	0.102744699925322	0.0911512739586891	0.153808643119501	0.0936473042756705	-0.0315311410073156	-0.056833005612587	-0.034026101578416	-0.0341448525065191	-0.0880949203922906	-0.000190308506514053
-0.0678352507857029	0.0805598889100346	0.0682828128053907	0.10926756442517	-0.0398939713029795	-0.107986759476226	-0.111814555158312	-0.00466331277372562	-0.0923152262993844	-0.0716074583148871	-0.15397689019189	0.0712226331636371	0.0802599883121713	-0.0304593349988409	0.048766307102701	0.00795406691688361	0.0781996096283275	0.0829971024947467	0.0860641341853832	0.133811538904091	-0.0769363403456687	-0.0664158889045446	0.00780477783532356	0.00375315622774635	-0.0786926402295405	2.9688066230604e-05
-0.0702159409736021	0.0929098008139224	0.0694631107076993	0.110958233758554	-0.0395978261548673	-0.108319381567985	-0.107582800625636	-0.00210033651315061	-0.0842840791165528	-0.0654359690314968	-0.150404200201103	0.0693989510468941	0.0795463094222109	-0.037974169336248	0.0581972786077168	0.00744960989211033	0.0785482659748999	0.0838350298765225	0.0902047936566075	0.139270103468342	-0.0782947018068243	-0.0649905694128824	0.00883119445853931	0.000813613142029768	-0.0828515740980146	0.000142147335150715
-0.0709359525704782	0.0871686562581385	0.0694572397808	0.110544615659867	-0.0399039955789992	-0.106330644976813	-0.114157673316189	-0.0059791318636388	-0.0888618538564506	-0.0506988689957286	-0.157383402354612	0.0698852926091154	0.0821036112258074	-0.0219078082695643	0.0552522100467299	0.0110392735189657	0.0780117754959344	0.0859488457065993	0.0810691207546108	0.129306449637776	-0.0758599753904283	-0.0654320402115154	0.0111598190692067	-0.00407834273658671	-0.0855192397961922	0.000129507593283399
-0.072268897864311	0.0918238281963514	0.0689628578139001	0.112024685246239	-0.0387233113921394	-0.105030463422939	-0.10678011100894	0.00214526429094473	-0.0917713266205287	-0.0565464469539828	-0.152232714435586	0.0738760981352172	0.0829013532968013	-0.0298807557318105	0.0527231467352803	0.00881633775987897	0.0757314726345067	0.0893913633587519	0.0873885571102771	0.136427231048668	-0.0869842694233653	-0.0648954989005438	0.0160594923768524	-0.000684558555462629	-0.0863519041559464	0.00179999744498206
0.0201416955332397	-0.0904695173136436	-0.0473968098643636	-0.158438485150238	-0.0366310513709683	0.049548621228158	0.147909175872739	-0.114607464274674	-0.0353718654552165	0.0459209384418675	0.115697697805395	-0.00226361984393623	-0.0591886362016975	0.0814594269037191	0.0384886662515542	-0.0212522474177712	0.0584325170971569	-0.0391064942904747	-0.044304054667088	0.0263655681808924	0.122960240535877	0.0754411330616783	0.11694253070832	0.169741271492998	0.244801295393308	-2.13152182560363e-05
0.0182781755747327	-0.0923405944814824	-0.0461733284337742	-0.160056313491958	-0.0367516848748461	0.0509941761729375	0.157078567748162	-0.111986015315577	-0.0253173169241139	0.0349453583731698	0.115950182941918	-0.00131614506363375	-0.0526975196619803	0.0857483004234882	0.0289360633552354	-0.014610251582042	0.0577313015016241	-0.0380660089993602	-0.0482525521143758	0.0199750071515801	0.123177084593062	0.0741684511922144	0.130720670943524	0.169757330612275	0.241392067008372	0.000100712700990532
0.0145135495053925	-0.0879158196652017	-0.0465407089595122	-0.160243451632229	-0.0366700989295977	0.0514863871646969	0.154635899975639	-0.113033273009341	-0.0276957377668076	0.0392799165722413	0.120593220066636	-0.00227548761116507	-0.0569240315418495	0.0938792622613291	0.0303623735091226	-0.0158600838127156	0.056108294213957	-0.0359165490015124	-0.0478717568584957	0.0259993347103118	0.118564741644845	0.0741849104457415	0.120518902756804	0.168072319829393	0.2442559677456	-3.93234387359218e-05
0.0159423769481277	-0.0851909713540573	-0.0466401536296208	-0.15816725609353	-0.0382876788139288	0.0491844695729084	0.153777348221996	-0.109195308874572	-0.0183050152257856	0.0307435991860199	0.117525410173876	-0.000739863991144266	-0.057161971830819	0.0957852899311182	0.0373844025020532	-0.016423011501873	0.059798699078498	-0.037021119886909	-0.0418999523270022	0.0346854490627436	0.124434236465187	0.0762381295925671	0.12024143969502	0.17003556163837	0.247403400500364	1.67071824767909e-05
0.0436557525599252	-0.0397676342450836	-0.0177603470346938	-0.167173360658789	-0.0535763331476734	0.0102926529029667	0.157949953854943	-0.130209151912553	-0.0604918423111574	0.0384825128414554	0.113766773162285	-0.00900023366371328	-0.0480485212430376	0.118410730756636	0.027816168684987	-0.0512803597760046	0.0410975958124356	-0.0511284889264598	-0.042778758208702	0.0244517370622545	0.10773947939348	0.0524547908189087	0.0319644676396695	0.103972814139223	0.185524084559847	-5.58799410516902e-05
0.0407120215787701	-0.0375464547060366	-0.0171023193851147	-0.167428453128858	-0.0547884195940202	0.0132393760552288	0.168043621551881	-0.134903445032977	-0.0549925695164023	0.0467293206381382	0.11509694684531	-0.00632247547247357	-0.0499881592888247	0.117058324164042	0.0302306538833196	-0.0518759346384465	0.0409233679064278	-0.0628431071644019	-0.0335298393332561	0.0201444482380145	0.109807231430753	0.0527846273134605	0.0372695814858288	0.102836391983886	0.189727134164274	-0.000158119377197181
0.0414161152992559	-0.0514746738917021	-0.0174489392391873	-0.166566409251523	-0.0565521009848286	0.0119706527899826	0.160678512164176	-0.131527417132401	-0.0583796931323355	0.0497937837667675	0.117650277999868	-0.00759791871966969	-0.0464750568215936	0.117118525306197	0.0317529482441463	-0.0521551363776033	0.038382408642952	-0.0630313159135741	-0.0344645251740481	0.021259218241737	0.106582066544793	0.0529334584181841	0.031157540215785	0.104432717386589	0.182494453545218	-4.68564860690043e-05
0.0434529274963877	-0.0452245576977826	-0.0173756181132504	-0.167199049942219	-0.0523379928960074	0.0124833372897072	0.161585908139031	-0.131167734925206	-0.0584828892746979	0.043222604524144	0.116507917402816	-0.00641066286163499	-0.0495316224714142	0.120688945480573	0.0284599716309886	-0.0486188147641024	0.0464366616411604	-0.0607522605808872	-0.0344222110720225	0.0292146016569976	0.11064292688247	0.0535372615685002	0.0386459224358602	0.100559509594586	0.187561143869163	-8.21743838109359e-05
0.0358511266155011	-0.0328876231817334	-0.0444150559377261	-0.166523063439149	-0.046673076352189	0.0374570489632017	0.120610548550259	-0.111642471639173	-0.0397160618043734	0.040290098541565	0.129957300718202	-0.0064452436506704	-0.0667568122820891	0.100372851786368	0.0299435032202577	0.324897784282917	0.0414359644862081	-0.0328710865925646	-0.0262492866755829	-0.0486994608270984	0.115610355664894	0.0721688131288941	0.0408190804696718	0.0837334561596458	0.145604558027928	-5.48220382666152e-05
0.0349935950331075	-0.0330497595277099	-0.0439530939942687	-0.165698076027036	-0.0491717748802533	0.0351181507035141	0.124086392656451	-0.110753366337726	-0.0403953064577084	0.0502814141835849	0.128299447394488	-0.00802366197207828	-0.0640903491419181	0.0979984557076064	0.025093178495477	0.326206523600871	0.0377098101440462	-0.0431273818641231	-0.0237592329440328	-0.0325474038097567	0.128415411163204	0.0714621872388225	0.033686690621333	0.0782939359818647	0.14137001818586	-5.06265348448767e-05
0.0317370057506419	-0.0345486952915459	-0.0457392233720046	-0.167471356285316	-0.0487210536115717	0.036415068104561	0.124755601166499	-0.109949221892818	-0.0353719596297882	0.0436321870539926	0.132007063408754	-0.00767300233216159	-0.0644432731761972	0.0972493622477353	0.0260534947036085	0.329904463451583	0.0398570439732722	-0.0438376124900761	-0.0227713649096915	-0.0412912332204771	0.130146624716294	0.073013967975727	0.041248575240641	0.0860470538124135	0.145560351532364	-3.25708475849183e-05
0.0329053941019788	-0.0341071934977246	-0.0444489547479272	-0.163864570046167	-0.0466726792717559	0.0386296017246039	0.127190475913058	-0.108182987073197	-0.0416212215459474	0.0514741252392715	0.129721200244567	-0.00680530782558578	-0.0640862617973762	0.0906446514446402	0.0289676664827531	0.328981451438954	0.0403377825661048	-0.0399257756222897	-0.0204287956635481	-0.0384932210339915	0.122702282567846	0.0724531061107576	0.0411283116422218	0.0791741089425805	0.143888542716093	-0.000114446581652392
-0.017059502185341	-0.119112749612517	-0.0666547228921659	-0.134319906219776	-0.038490988395648	0.0655627327714607	-0.225395695912336	-0.0824503352305791	-0.0786432811801093	0.026874397527777	0.103445184635606	0.025673465363109	-0.0619263124496466	0.0413824720004161	0.0576028537971945	0.0167329608420429	0.100981148378472	0.0562205019984698	-0.0667726534301967	-0.0589452770417494	0.151694056519742	0.096152223881974	0.107377344600441	0.0738138867712128	-0.0363490872214031	0.000418202974867935
-0.0173251433420119	-0.11741910476327	-0.0657152153393613	-0.131018965576769	-0.0368223601982363	0.0655282727722304	-0.225685762692886	-0.0826524222095087	-0.0750308603972981	0.0255562828951885	0.10126585780061	0.0288879415241764	-0.0597251343912229	0.0452798524876834	0.0557704457248253	0.0191323059206051	0.100476718992739	0.0522714261367279	-0.0600679418939597	-0.0634281600990832	0.156871634029611	0.0962668313191564	0.104351535093055	0.0775135039560528	-0.036334386682859	0.000401819320960963
-0.0184232907869684	-0.135705021449371	-0.0663355718497268	-0.133936011057487	-0.0349260216143036	0.0668531130043539	-0.23153235988782	-0.0830859720764498	-0.080958561519521	0.0321651042720656	0.0997286922334295	0.0288455273500076	-0.0546934105003668	0.0369301281156603	0.0598053713934105	0.0164124279903551	0.106038674694295	0.0554683912432594	-0.0534371291965421	-0.056478573278323	0.155369106497565	0.0966239778450984	0.103869166496707	0.0770703408743032	-0.0325312772693953	0.000325047852387688
-0.0132794546164359	-0.129708669832327	-0.0661479621890029	-0.134403214379846	-0.0343687982871827	0.0652410304216242	-0.221793285063635	-0.0853389864201406	-0.0824689411264038	0.032134917547005	0.0954167086730488	0.0253382723627972	-0.0545315080185156	0.0339163859365701	0.0554212739822494	0.017852954745852	0.104276449046426	0.0551097138157745	-0.0567642773284638	-0.0562574324129913	0.153666535880015	0.0949834740573606	0.10637622190331	0.077816006319964	-0.031125925465949	0.000432075926119342
-0.0278611679312313	-0.082981688638718	-0.0729039223294248	-0.146886591059046	-0.0334360516091505	0.082919878576299	-0.0942577067442492	-0.0913311474683934	-0.0802472040927353	0.0125923218772794	0.0904683151783433	0.00103297967773812	-0.0769717954472744	0.0414573769298441	0.0473490228808224	0.00843097384739845	0.114749010617847	0.0401319018580467	-0.00131814111040499	-0.0181197584368643	0.16379258463739	0.0902408616897722	0.126435146482719	0.118400572483058	0.109467736104435	0.000203107576067874
-0.0253305491595061	-0.0714398328635372	-0.0726823471221371	-0.143709138958262	-0.0348259522991433	0.0876038516995011	-0.0895206477810959	-0.0901538752883002	-0.0877140114108031	0.0238115168486739	0.0868955274613005	0.0030687012844419	-0.0766269569611513	0.0414969297294877	0.0498386033644306	0.00777152985263764	0.121013754919806	0.0368276023460369	0.000955182915208914	-0.0193890751781511	0.163407179048324	0.0916438953582606	0.127506048802746	0.120588966441634	0.11111463057346	0.0014648153396612
-0.0225525102135199	-0.0855424743597733	-0.073378151264816	-0.145673794062431	-0.032977865870775	0.0870897184809059	-0.094140750420301	-0.0935393844755168	-0.0811473752376774	0.0180461223188196	0.0951464418317597	0.00148028397390997	-0.0711099798499428	0.0383692274419872	0.0505558631176936	0.0121955898866005	0.116842764955184	0.0331558978481943	0.00212961618142797	-0.0183412076292997	0.163745260854227	0.0922619541759489	0.128670222455415	0.12482087179409	0.115152535294625	-0.00019672828061255
-0.02740897131517	-0.081887537736542	-0.0729685284605929	-0.146596921129565	-0.0340269588739383	0.0861048086283067	-0.0858999698327036	-0.0913118361332644	-0.0781903720986907	0.0237442095013593	0.0917497216885713	0.00674401710990131	-0.0797117454696659	0.0408471301293658	0.0527310077974674	0.0112361840057473	0.120790769899734	0.0407603198467477	-0.000405914176242643	-0.0174118118579414	0.168994717637927	0.0912970954604107	0.125861437485533	0.118015122916978	0.109045759600641	-0.000212484439967964
-0.00941403510439423	-0.0294817201933422	-0.0694305736266907	-0.152198212433231	-0.0376457891392192	0.0699657054340159	-0.0345310497034363	-0.0741358292992248	-0.0593576886615152	0.0290473550734949	0.102789276399612	-0.00357511028702684	-0.0750800562240198	0.0527264635051917	0.0420769089543439	0.0796359386826145	0.0858667902203347	0.00920258897849265	-0.0373513202430289	-0.140390096681463	0.152891058125873	0.0930782668523531	0.0370122559056401	0.074051877197686	0.101892050643686	0.00017500088483369
-0.00799670095582356	-0.0266144854509938	-0.0693350380315246	-0.152889535631671	-0.0377714346579386	0.0718934367285312	-0.0190491294949018	-0.078875582355082	-0.0563780731069905	0.0263190721694706	0.102212037320874	-0.00355228373625305	-0.0810735873826835	0.0616485554157083	0.0394944547319889	0.086500854021395	0.0961645575878935	0.0153965136387751	-0.0339849990407693	-0.141184191576113	0.153652763324962	0.0929617654798599	0.0465456296988746	0.0801271554726045	0.0955678127356076	0.000156561013383093
-0.00853438709043428	-0.0286942988065586	-0.0699299484728396	-0.152944487712582	-0.0386542281793869	0.0709398398313308	-0.0285540441618758	-0.0791654681974849	-0.0520359558589696	0.0221185139104634	0.10420649644079	-0.0020738979691741	-0.0773754020110314	0.040087711865884	0.0352354343720984	0.0839612842583867	0.093937292016547	0.0171116907194536	-0.0396496229272809	-0.13968652170212	0.15648073019002	0.0924589313212963	0.0350616129347174	0.0780896207012243	0.097366769933277	0.000408653921725327
-0.00691809641844025	-0.0296600569485238	-0.0689795921588108	-0.151960423346866	-0.0373555948990697	0.0749479228518196	-0.0225685620334116	-0.0754752736170699	-0.0535440250184582	0.0311246282482411	0.104615289894776	0.000701693990599391	-0.0824430941895966	0.0528071534931038	0.0398723093041278	0.0790142678430777	0.0942090207019456	0.00793115770578986	-0.0328625866082856	-0.143445410583866	0.156106589486799	0.0945758002101912	0.0491644090057591	0.0792999242042789	0.10263411428409	0.000236252062562558
-0.110023469139347	-0.0117612030642928	0.0318101730529613	0.0168868905808385	-0.0357730994812177	-0.0429767945738543	-0.0677840156011323	-0.0862438705062712	-0.125836792895768	-0.0646720135851013	-0.128131906461846	0.0700580787963167	0.0396822245224058	-0.0294228306061427	0.108228599079285	0.0476692132096584	0.142691496492195	0.127906509554364	0.122668163164132	0.0863008528380357	0.0157490267708478	-0.0142698334530288	0.0170867011478614	0.0371820815238136	-0.00723441029323229	0.000151104664293108
-0.115394229952836	-0.0170079728649601	0.0319855011513966	0.0178104270984268	-0.0351862069710017	-0.0428347943127315	-0.0614835931964929	-0.0855465477675983	-0.131547644831863	-0.0670261950338445	-0.120787542079155	0.0686662582920889	0.039620399212072	-0.0184917834932828	0.112640385468613	0.0518013824902246	0.143941841483579	0.128372009783088	0.117568392140765	0.0873584507209532	0.0158931024902922	-0.0148834233745534	0.0223349053806626	0.037822605423263	-0.00307031048089375	0.000131445988432025
-0.115197682178602	-0.0147285074131428	0.0312447600556157	0.0171890553963942	-0.0360733660457102	-0.0419118301031582	-0.0640792152023282	-0.0863504408854125	-0.130692760940609	-0.0516111799855679	-0.126280833724196	0.0681719306461635	0.0368802430547444	-0.0221069022047327	0.112197468518829	0.0456896504421261	0.148747441425306	0.126142670890432	0.111226673488034	0.0743761815702795	0.0174765311127813	-0.0156959688354471	0.0179625256969918	0.0424039593910892	-0.00429232338266619	0.000157757147998278
-0.114553572263603	-0.0233568105470005	0.0310983976852642	0.0157081367144456	-0.0351732047629147	-0.0459061057218228	-0.0621175380067382	-0.0901894276123555	-0.133299605865666	-0.0673083454146388	-0.124820034728985	0.0718403802793695	0.0461792569223849	-0.0324870757897597	0.112752466213974	0.0485628792494701	0.146970510222261	0.129452127427052	0.116474527771527	0.0865259738922176	0.0158681089536996	-0.0142659082986096	0.0217486684640132	0.0420039264901929	-0.00641268711138552	6.59942041887853e-05
-0.118450554137878	0.0132129738733954	0.0275784534355287	0.0120628754714357	-0.0343242791085289	-0.023241027437299	-0.012045434694223	-0.0867215998630839	-0.136258826124365	-0.0811160010355401	-0.119921415890658	0.0542658349182461	0.0225245450997552	-0.0206073452965091	0.125432141150924	-0.0107837989057964	0.14476549400637	0.1173369169153	0.1232482551003	0.0772529016777595	0.032608687016973	-0.0142654628258038	0.0186374186393816	0.0467120071872691	0.0630767564625655	-0.000178418660522532
-0.120724650932981	0.0173690818088296	0.0285577846842057	0.0116232834878584	-0.0343113410794561	-0.0210868095810098	-0.00416737670382193	-0.0871669105832528	-0.133393822057248	-0.0666435675680105	-0.120297346096302	0.0535665660148996	0.0288258768742649	-0.028308483326942	0.126303623206428	-0.0107683861157105	0.152768679891816	0.115115096216406	0.127409673070743	0.0777110246983485	0.0325832974057233	-0.0113680710255951	0.0158655093545348	0.0461866916665499	0.0647585060774498	-0.000184306830845623
-0.120895167933515	-0.00118924430789571	0.0278759065764891	0.0117756278407289	-0.0325803924765366	-0.0233298487086374	-0.00778019864567637	-0.0832750055389625	-0.133894793538765	-0.0674317762344529	-0.118184658600505	0.0533459126655847	0.0283658024224048	-0.0273256558054946	0.121188142699469	-0.00516657872278618	0.152224359688629	0.118102082732392	0.124924206928906	0.0726326710698442	0.0329384919122288	-0.0121683929659283	0.0170397985688184	0.0422615210631766	0.0618485665492915	0.00151349120426477
-0.121619974193274	0.0043945135426293	0.0281572016311689	0.0121865671310376	-0.0365114932442972	-0.0214462094116585	0.000506627822751301	-0.0903939897420029	-0.137039440571616	-0.0745597777287745	-0.122464768347156	0.0532185291569766	0.0345970055012741	-0.0191554983358767	0.124118563717137	-0.010285483798559	0.147596427178872	0.117105973805615	0.124281638207081	0.0813969192792293	0.0292799538479808	-0.0119123148231073	0.01587377011208	0.0475031648019472	0.0618285316716264	0.000169594453558216
-0.100837161862457	-0.00249664740831525	0.0416230973238908	0.0325764650054717	-0.036102714635448	-0.0566934140518475	-0.000617121777172698	-0.0620641598036019	-0.104200071466331	-0.0570389293414411	-0.114139179443278	0.0675673669508956	0.0482976376785367	-0.0192995407257672	0.104220915467426	0.0262310075803409	0.122455526738078	0.108062828281854	0.0934005361463946	0.0538482689720901	0.000790084156131445	-0.0216186736492142	0.00223761304950305	0.0278185543626566	0.00407339633563036	6.30702788947453e-05
-0.0993409014181575	-0.0171310276621614	0.041939405162214	0.0326788112144129	-0.0348187377588161	-0.0599710923168263	-0.000615726666608859	-0.0566843596784821	-0.103124681033762	-0.0518390818802347	-0.115027392371058	0.0667565210707922	0.0500777803450961	-0.0168058036701519	0.102179564997232	0.0332674923067793	0.11756539973761	0.106966611347494	0.0947991468110183	0.0521585731305171	-0.000588273436122767	-0.0217629791470121	-0.0027780877631889	0.0285558522002738	0.0050868034552021	5.99828331669705e-05
-0.0988766771913304	-0.0244792905376192	0.0410237927495038	0.0345556424796851	-0.0370733218624732	-0.0566359283080873	0.00109201727361392	-0.0592498417021334	-0.105776279696782	-0.0514899566731612	-0.109634373706756	0.0681307121021717	0.0513072741621285	-0.0159278124514593	0.104403411166598	0.0345066253122721	0.123424846487458	0.105278673390138	0.0936364138206833	0.0513915864041459	-0.00697789651152141	-0.0221155130498962	-0.0038991280398768	0.0245474219727745	0.00363254547560514	0.000213223024916814
-0.10069149455916	-0.0208568604170837	0.0401410662448935	0.0339041542615768	-0.0369208603723075	-0.0599152906095046	0.000570668875732141	-0.0636377336414403	-0.106207091445584	-0.0580444462263865	-0.114114969692407	0.0683092769704162	0.0518863055179015	-0.00147349905610431	0.104311399871025	0.0294401068101998	0.119130575028463	0.106512556495902	0.0949659624054517	0.0530797472544547	-0.00150305649335725	-0.0207620240605128	-0.00562751218096021	0.0223613825030972	0.0019661218658562	0.000166175211522368
-0.0925626949212417	-0.0712415697287174	-0.187052067092163	0.0092496692781084	-0.0130216232725068	0.0644330581426741	0.113052193170919	0.206280354125358	0.133731482568179	0.045357844214404	0.0269643690239846	0.000904173910918394	-0.0669904686184659	-0.181796748011476	-0.173516579013189	-0.0668456394757074	-0.107378187185234	-0.138247766705445	-0.0851080507376686	0.117690130896296	-0.00418876807115145	0.110956220020554	0.0410189728173707	0.040370581264064	0.0173489186773497	-0.000443029677091857
-0.0938219803529821	-0.0852980666368306	-0.188146430264481	0.00695142532072593	-0.016839396635369	0.0646267170531656	0.110272158370503	0.201500456444251	0.130901388734312	0.0576515667815046	0.0326069037552472	-0.000404253566085422	-0.0744238187557162	-0.189533427287336	-0.169038477580189	-0.0692341641351175	-0.104006777698255	-0.13867522018806	-0.0795336107367369	0.121143969723825	-0.00728243494159581	0.109343012065677	0.0437187339304717	0.0320691378191379	0.00947230809079957	-0.000473937280186231
-0.0875946189937162	-0.0739732608477993	-0.188892078411982	0.0107365658136784	-0.0143481266834186	0.0582988779077655	0.122157940310318	0.205974756771845	0.1336155284017	0.0468613141252019	0.0335921454212075	0.00263485958758864	-0.0640039391221596	-0.181174678702724	-0.170390207600578	-0.06608674877087	-0.101978750775892	-0.138792343576953	-0.0715777195588537	0.124958935260661	-0.00386679939756336	0.110510258597784	0.0450768554349906	0.0362878432896876	0.0127983575281079	-0.00320697976548379
-0.093335295116946	-0.0858275725748371	-0.18902258915114	0.0068479260777244	-0.0144446499908285	0.0616618551719428	0.113994466142132	0.203048868323141	0.1345158470418	0.0386110457274312	0.0301023348083539	0.00157071150530898	-0.0749547542219661	-0.176399245367911	-0.172473240022661	-0.0715622246690488	-0.10909878397639	-0.141958848057765	-0.0826725983353629	0.124056418286864	-0.00422075499049193	0.108649006760219	0.0412583440215428	0.0336329820344201	0.0104633013123411	-0.000358765771068599
-0.0716996190050234	-0.112181477482466	-0.177105531221342	0.00256038928666322	-0.0200458954640919	0.0498086147824617	0.164271882107777	0.191532425451801	0.148102111957786	0.0636488601308396	0.041131246465405	0.0135806836408694	-0.0598055074571694	-0.16844965355024	-0.191254398104294	-0.0490680129062056	-0.110552020365181	-0.169923300491411	-0.158761203015335	0.159055899051745	-0.016896947498592	0.103588582202442	0.0966774728896375	0.11357781325999	0.0638199500346958	-1.76214875676171e-05
-0.0702805482313542	-0.122753867315188	-0.17722532462017	0.00409743735023631	-0.0179186337269482	0.0515271197971804	0.164157492620387	0.193256923375881	0.143408888813168	0.0624200932692354	0.0452974874009464	0.0163757601530377	-0.0570034860891531	-0.185387419743709	-0.186581974434182	-0.0547291313955337	-0.10666609313738	-0.170084735416503	-0.155762185335948	0.153842804913028	-0.021564605913422	0.10484029608687	0.100228746448937	0.111443453486831	0.0631538499754024	0.000144958130228218
-0.0685652503597764	-0.104712683918221	-0.177475071168625	0.00366641987285956	-0.0199485053433024	0.0510864471846641	0.167599003217444	0.19297619410328	0.13687029672843	0.0560303820354677	0.0305049348103015	0.0173318289247621	-0.0623886918721445	-0.168748280733076	-0.190068799024745	-0.0534067820964229	-0.111902679064098	-0.168941556284197	-0.159356116636262	0.15186707940041	-0.0205181211476213	0.104417049859385	0.10996535875251	0.11091094013124	0.0621510181065623	-2.51460691190077e-05
-0.0670392697588321	-0.132700321242273	-0.178131806406701	0.00246710146642217	-0.0183588511798846	0.0513491994229987	0.168373283553432	0.192292980655087	0.14254012928237	0.055019567677405	0.0386234053605801	0.0142643741919778	-0.0507132992741908	-0.15367712948363	-0.187441924727204	-0.0512931630873745	-0.109480868808086	-0.163924024504481	-0.155121929858608	0.154321425918989	-0.0259133455090384	0.10563222081613	0.103570801712762	0.112791810319326	0.0656777657412057	0.000102964257317945
-0.134981891502787	-0.15831482360897	-0.183635902227536	0.0823963608359709	-0.0277642579172399	0.0249734832984662	0.113777528708135	0.244507337466242	0.130077816209678	0.0230618593486665	-0.0194411046744175	0.0405735622222637	-0.0419031974861965	-0.229062706516856	-0.231107600039212	-0.108694702182709	-0.0966491111371308	-0.0962014512047679	-0.17581804921278	0.20169774261824	-0.0584350936679496	0.0922614411531949	0.166007655589749	0.149421689965502	0.0596982238069537	0.000610097697934007
-0.13180907209795	-0.151561981976328	-0.184491286297871	0.0828775570745326	-0.0230720224714244	0.018368645037265	0.109208179421967	0.243196480444696	0.128579858387	0.0351676507755089	-0.0244905239218453	0.0426291838536742	-0.0427043720752136	-0.23165820097035	-0.230853809799128	-0.108631056110155	-0.094369177207463	-0.0990945704938863	-0.171191957002276	0.201695431594184	-0.0721258750277972	0.0946636821232149	0.171083164785455	0.150702586373964	0.0565710918003037	0.000499722439381639
-0.12993784606291	-0.171967370593268	-0.183153269461513	0.0820501534748828	-0.0247036591186336	0.0195409655142214	0.110748677423639	0.240463332383626	0.130807922867457	0.0355560748572596	-0.0255094073507979	0.0371423673828841	-0.0303845022250273	-0.230224251352521	-0.225620298726981	-0.108667533222481	-0.0966322629117297	-0.0949899589943506	-0.173159088745379	0.202845511954345	-0.0588761402620761	0.0936931719297807	0.169266427858039	0.148287862499642	0.0592804828830588	0.000263015942839719
0.072027986589263	-0.226803398456628	0.111320231338602	0.0520303430233471	-0.046510592831566	-0.176381568002193	-0.0317181628713277	-0.0292561211895617	-0.0218953813315268	0.0849509690954333	-0.0110394238640143	0.0879550056062271	0.163299074395451	0.117281514147229	0.073460443038091	-0.0449204740606853	-0.121269192889474	-0.0249319040488751	-0.140496089823351	-0.00772421032680897	-0.143305163299182	-0.0645157197041525	-0.0774580263611166	-0.00707591001974382	-0.090980392477339	0.000345847109547103
0.0792827814628253	-0.223655122838824	0.111570703585763	0.0526225740539683	-0.0498266993166053	-0.173571335776239	-0.0243187413937379	-0.0301141729252012	-0.021491835447942	0.0884926645099847	-0.00271607867642634	0.086510216272307	0.16463699311354	0.110829420613995	0.073027784943015	-0.0412359059330621	-0.119870743568153	-0.0206777203711456	-0.134320901456501	-0.00638472459968466	-0.14345612399387	-0.0637711607567785	-0.060353897852274	-0.00581337812643709	-0.0896119371064005	0.000628836625485385
0.0718933301947929	-0.234155323966188	0.11094431691574	0.0540050961241112	-0.0483191776328145	-0.174926586460464	-0.02705554185537	-0.0321007036456739	-0.0249485763068796	0.0836958777764981	-0.0105877521538717	0.0881885291785406	0.166474872201186	0.115248780774542	0.0725048564882489	-0.0473080795256653	-0.119869460751436	-0.01774431035165	-0.136665698884032	-0.0069200401567599	-0.146458037447294	-0.0645317756655294	-0.0689826647861163	-0.00434592765918976	-0.0896560832833806	0.000320629747315355
0.0717672781332497	-0.229428541004204	0.111893741891161	0.0524913231843309	-0.0488288241828689	-0.174391111859066	-0.0281271347189075	-0.0289537739479055	-0.0257617398928122	0.0893552209220219	-0.01009538039264	0.0866526666592558	0.167227835326333	0.115187065459279	0.070351633253994	-0.0452338430295045	-0.114358476074283	-0.0174634900600245	-0.141784162928234	-0.00380013573799412	-0.140542515347888	-0.064665787365813	-0.0651463552221351	-0.00394255450728966	-0.0912298597336475	0.000714694798193505
-0.0117736340291654	0.056268155505302	0.106469966108985	0.100906188718051	-0.0269964696853764	-0.124143179186219	-0.0512435068376327	0.0221809209895445	0.0205302631041696	0.0543467185171996	-0.0469240664137904	0.0673180781992467	0.159062604020271	0.0637635599306661	0.0879170196477209	-0.0872752103056051	-0.125302318334397	-0.00417858711452087	-0.13973652201291	-0.112256572093135	-0.12800680811962	-0.0559573485080811	-0.152587615881371	-0.0870322018038564	-0.137949341258356	8.15711992267429e-05
-0.0103701791774024	0.047786188880685	0.107207487263465	0.101715057820553	-0.0249883889539834	-0.12649760177454	-0.0441743414093835	0.0285248604963595	0.0165093510113123	0.0451750902392697	-0.0456858771269515	0.064971407511718	0.1591790643274	0.0677324175248295	0.0929886732739511	-0.0881049620548378	-0.122587475988419	-0.00785507798815467	-0.136170815132484	-0.107255573378699	-0.12749669355952	-0.056288859867033	-0.152244290058025	-0.0789296975705108	-0.136267979733457	-3.80880656952617e-06
-0.00912515481588682	0.023800080514596	0.107197143639864	0.100642514006426	-0.0267561230097207	-0.124752473654963	-0.0455694357360109	0.0250028035254885	0.0139997125715972	0.0511816682761222	-0.0450550955273946	0.0677135346593181	0.165816049642735	0.068086692540249	0.096151267842179	-0.0883586747860297	-0.127012317135631	-0.0124236645890204	-0.132587006509753	-0.115170209298162	-0.126513471150328	-0.0544213784092111	-0.154450609024344	-0.0851200501820908	-0.135846158836222	-0.000102589602841443
-0.00848435758309431	0.0404853613073839	0.108449649036411	0.101429791799488	-0.0245953780195413	-0.124470115223047	-0.0414748795246975	0.0267904707183352	0.0215891038957946	0.0416328103616376	-0.0535928521392847	0.0728709337013088	0.157917568308829	0.0696336740432277	0.096270578457368	-0.0894708417776317	-0.127876088996815	-0.00855734955303505	-0.134751195777442	-0.111978082184424	-0.135496302048032	-0.0546358413378821	-0.147872473150232	-0.0778948150876657	-0.126743248059057	-5.02246964612498e-05
0.0951260958474467	0.160098956621201	0.140012717535306	0.104809339754649	-0.0190400291024411	-0.104472024433371	-0.0498616690019734	0.0179069935284495	0.0132857614816267	0.0803968546010486	-0.00187049348281652	0.0163473146043493	0.147315705458359	0.125404027961711	0.0740956127690107	-0.0960636601190777	-0.163187340293685	-0.0686412146345434	-0.122868355108329	-0.216257977875456	-0.116062987770921	-0.0773171049703721	-0.259401250772926	-0.161930524310591	-0.143817565334481	-0.000670168210378889
0.0963314383006461	0.147430469071789	0.139262537362346	0.103917895556455	-0.019673772856557	-0.108581157127478	-0.0490235983673993	0.0154470378474442	0.0101178366945654	0.0761353305528196	6.60339953164208e-05	0.0141260015541042	0.146145362788058	0.120752476204454	0.0722348856658414	-0.102119638926225	-0.159042205729101	-0.0785672949250587	-0.119135664643371	-0.218834475569957	-0.120392512612248	-0.0749809301240745	-0.25306077044074	-0.169333351790414	-0.14734477291809	-0.0006355298257927
0.0935675362929952	0.139869440590052	0.138335820549717	0.102096712219487	-0.0210212900042111	-0.110362771708994	-0.0567492713652351	0.0173663576420787	0.0139722600111328	0.0809282111782511	-0.0053880775258326	0.0150278559397123	0.14323684569735	0.120533511885806	0.072802976599509	-0.0985299877287476	-0.169936434573349	-0.0693089681971275	-0.129366082658488	-0.204532230361281	-0.126769770920515	-0.076448545254441	-0.262330865341697	-0.173227374438805	-0.152150802834035	-0.000689530109894982
0.0952450404718243	0.144125108322115	0.139509386093623	0.101402852185246	-0.0205864991952102	-0.107619246356083	-0.0474270956060732	0.0185002847157585	0.013848560417588	0.0904203692814227	-0.00333498009537037	0.0105278028161356	0.143831738900101	0.127733942396504	0.0748562435166451	-0.0991140018047384	-0.163216132709749	-0.0726363168057941	-0.120524616005294	-0.210639743235221	-0.118977115999628	-0.0760394960978716	-0.250572748032261	-0.167118223768952	-0.145007529429194	-0.000666714883818901
