sample	name	value
SRR9042866	purple	-0.0645791343013321
SRR9042866	royalblue	0.021364793823543
SRR9042866	lightyellow	0.0274819115271613
SRR9042866	red	0.00883773814581387
SRR9042866	magenta	0.0313463787156851
SRR9042866	yellow	-0.00224852618896522
SRR9042866	blue	-0.0749470718442377
SRR9042866	grey60	-0.15893706268679
SRR9042866	black	0.12768652905183
SRR9042866	midnightblue	0.0943536907012144
SRR9042866	brown	-0.0286884551314708
SRR9042866	green	0.0395391317626978
SRR9042866	salmon	0.139018336777442
SRR9042866	pink	-0.0933543410721774
SRR9042866	tan	0.0438736201019783
SRR9042866	turquoise	0.0941484123723319
SRR9042866	lightcyan	-0.0523987596231807
SRR9042866	cyan	-0.0650449348051972
SRR9042866	greenyellow	-0.0908755566653423
SRR9042866	lightgreen	-0.0574988734477584
SRR9042866	grey	-0.00101692779426188
SRR9042867	purple	-0.0630748759042291
SRR9042867	royalblue	0.0155814228266255
SRR9042867	lightyellow	0.0257651701956471
SRR9042867	red	0.0129194430954848
SRR9042867	magenta	0.0344876216234559
SRR9042867	yellow	-0.00379903059585371
SRR9042867	blue	-0.07465409371349
SRR9042867	grey60	-0.155670112133497
SRR9042867	black	0.127578194639506
SRR9042867	midnightblue	0.100299386360952
SRR9042867	brown	-0.0298066335769879
SRR9042867	green	0.0405698209228796
SRR9042867	salmon	0.136093692110496
SRR9042867	pink	-0.09793022397314
SRR9042867	tan	0.040105761739247
SRR9042867	turquoise	0.09544780131371
SRR9042867	lightcyan	-0.046631809109091
SRR9042867	cyan	-0.07222718826358
SRR9042867	greenyellow	-0.0877328216473993
SRR9042867	lightgreen	-0.0520152426222732
SRR9042867	grey	-0.00106565243632646
SRR9042869	purple	-0.0591556034420942
SRR9042869	royalblue	0.00465513025787231
SRR9042869	lightyellow	0.0218060050151823
SRR9042869	red	0.0114655197757356
SRR9042869	magenta	0.0322891670251758
SRR9042869	yellow	-0.00409822280873451
SRR9042869	blue	-0.0752608147029622
SRR9042869	grey60	-0.161819594815634
SRR9042869	black	0.127750407131227
SRR9042869	midnightblue	0.105135013395817
SRR9042869	brown	-0.0293966349919662
SRR9042869	green	0.0402946581784491
SRR9042869	salmon	0.139502729881938
SRR9042869	pink	-0.0950891863703899
SRR9042869	tan	0.0431293940012259
SRR9042869	turquoise	0.097072822442104
SRR9042869	lightcyan	-0.0462063672369006
SRR9042869	cyan	-0.067289431705511
SRR9042869	greenyellow	-0.0879801403797291
SRR9042869	lightgreen	-0.0600202970581159
SRR9042869	grey	-0.00106887576315143
SRR9042870	purple	-0.0620103308710462
SRR9042870	royalblue	-0.00530082690216768
SRR9042870	lightyellow	-0.0256928903889445
SRR9042870	red	0.00361536260001351
SRR9042870	magenta	0.00396399512035502
SRR9042870	yellow	-0.0450597260137414
SRR9042870	blue	-0.107530638785305
SRR9042870	grey60	-0.158832419105445
SRR9042870	black	0.133387535204915
SRR9042870	midnightblue	0.127945980753279
SRR9042870	brown	-0.0212041242901273
SRR9042870	green	0.0713497298385453
SRR9042870	salmon	0.133962154859893
SRR9042870	pink	-0.0632021477496434
SRR9042870	tan	0.0656595579454633
SRR9042870	turquoise	0.111584049361032
SRR9042870	lightcyan	-0.0534169939223427
SRR9042870	cyan	-0.0694186344831376
SRR9042870	greenyellow	-0.0678361700371786
SRR9042870	lightgreen	-0.0261979615874032
SRR9042870	grey	-0.00131212103038573
SRR9042872	purple	-0.0730731785838955
SRR9042872	royalblue	-0.0188306576807469
SRR9042872	lightyellow	-0.0340551670795788
SRR9042872	red	0.00295237637565036
SRR9042872	magenta	0.00366778552611484
SRR9042872	yellow	-0.0453147701121163
SRR9042872	blue	-0.110164646785726
SRR9042872	grey60	-0.158939806559197
SRR9042872	black	0.1330423554718
SRR9042872	midnightblue	0.131311626740486
SRR9042872	brown	-0.0216494052039738
SRR9042872	green	0.0702552785154992
SRR9042872	salmon	0.135467275901253
SRR9042872	pink	-0.061567390768316
SRR9042872	tan	0.0620818936233344
SRR9042872	turquoise	0.112532209375121
SRR9042872	lightcyan	-0.0488789430412564
SRR9042872	cyan	-0.0711668982015674
SRR9042872	greenyellow	-0.0668865665418381
SRR9042872	lightgreen	-0.0359529511677707
SRR9042872	grey	-0.0013932163912231
SRR9042873	purple	-0.0718969307733876
SRR9042873	royalblue	0.000718820788731828
SRR9042873	lightyellow	-0.0310498825468132
SRR9042873	red	0.00473825065850846
SRR9042873	magenta	0.00125565147708525
SRR9042873	yellow	-0.0450415199696698
SRR9042873	blue	-0.109368405043206
SRR9042873	grey60	-0.162912154631353
SRR9042873	black	0.129455545822346
SRR9042873	midnightblue	0.126741923028894
SRR9042873	brown	-0.0230899627241484
SRR9042873	green	0.0697515331816434
SRR9042873	salmon	0.139553865139259
SRR9042873	pink	-0.0660251730493543
SRR9042873	tan	0.0629146733376155
SRR9042873	turquoise	0.112678187878278
SRR9042873	lightcyan	-0.0490780097024667
SRR9042873	cyan	-0.0714212945590806
SRR9042873	greenyellow	-0.0665654916358758
SRR9042873	lightgreen	-0.0259312026446751
SRR9042873	grey	-0.00137966887207673
SRR9042874	purple	-0.0588260279872958
SRR9042874	royalblue	0.00992817667304828
SRR9042874	lightyellow	-0.0331641139498007
SRR9042874	red	-0.00484330981572416
SRR9042874	magenta	0.018207216574285
SRR9042874	yellow	-0.0467872868718117
SRR9042874	blue	-0.0956125917350047
SRR9042874	grey60	-0.150712125741078
SRR9042874	black	0.124364127216031
SRR9042874	midnightblue	0.124541285871244
SRR9042874	brown	-0.00804118060026627
SRR9042874	green	0.0688922487403126
SRR9042874	salmon	0.142545240881133
SRR9042874	pink	-0.130809302413281
SRR9042874	tan	0.0583964924795192
SRR9042874	turquoise	0.103677270655149
SRR9042874	lightcyan	-0.124108766833107
SRR9042874	cyan	-0.0258791403935026
SRR9042874	greenyellow	-0.0807259068787683
SRR9042874	lightgreen	-0.033554515668142
SRR9042874	grey	-0.000720663405134089
SRR9042876	purple	-0.058336566217763
SRR9042876	royalblue	0.0123200630775307
SRR9042876	lightyellow	-0.0310080503635903
SRR9042876	red	-0.00593588567742367
SRR9042876	magenta	0.0165602965766854
SRR9042876	yellow	-0.0451089966985512
SRR9042876	blue	-0.0942367639521807
SRR9042876	grey60	-0.141782032437614
SRR9042876	black	0.125813613834254
SRR9042876	midnightblue	0.119040879821501
SRR9042876	brown	-0.00904641128676427
SRR9042876	green	0.0714155854921456
SRR9042876	salmon	0.137362799040877
SRR9042876	pink	-0.130198074197561
SRR9042876	tan	0.0614336668713623
SRR9042876	turquoise	0.105048325453815
SRR9042876	lightcyan	-0.124752634981949
SRR9042876	cyan	-0.0264510250397189
SRR9042876	greenyellow	-0.0797245189414575
SRR9042876	lightgreen	-0.042240041808364
SRR9042876	grey	-0.000816957296291812
SRR9042877	purple	-0.0610594454629802
SRR9042877	royalblue	0.0214546078955625
SRR9042877	lightyellow	-0.0273396552155409
SRR9042877	red	-0.00955810176497139
SRR9042877	magenta	0.0172040007189315
SRR9042877	yellow	-0.0471627648609988
SRR9042877	blue	-0.0957993438713301
SRR9042877	grey60	-0.143945678891561
SRR9042877	black	0.122451185328337
SRR9042877	midnightblue	0.127129270316819
SRR9042877	brown	-0.0107826005087187
SRR9042877	green	0.0705488717074881
SRR9042877	salmon	0.145394874308682
SRR9042877	pink	-0.132378457215366
SRR9042877	tan	0.0574180516199848
SRR9042877	turquoise	0.103766339440217
SRR9042877	lightcyan	-0.118639379560999
SRR9042877	cyan	-0.0255374706509002
SRR9042877	greenyellow	-0.0733952214906399
SRR9042877	lightgreen	-0.0415984549643701
SRR9042877	grey	-0.000748728880329787
SRR9042878	purple	-0.180389856018987
SRR9042878	royalblue	-0.146020017746287
SRR9042878	lightyellow	-0.121190376426913
SRR9042878	red	-0.337386420307027
SRR9042878	magenta	0.187660864631758
SRR9042878	yellow	0.0888541679189254
SRR9042878	blue	0.111462019589601
SRR9042878	grey60	0.152791572627496
SRR9042878	black	-0.0194618450319591
SRR9042878	midnightblue	0.161108970291512
SRR9042878	brown	0.334936694370397
SRR9042878	green	0.173408833978855
SRR9042878	salmon	-0.0417885912417671
SRR9042878	pink	0.0182447474722755
SRR9042878	tan	-0.107892703940916
SRR9042878	turquoise	-0.249535152757172
SRR9042878	lightcyan	0.000806679768108505
SRR9042878	cyan	-0.0612279663211686
SRR9042878	greenyellow	-0.114454481283127
SRR9042878	lightgreen	0.0496784736159509
SRR9042878	grey	1.18505251477574e-05
SRR9042879	purple	-0.178927631597348
SRR9042879	royalblue	-0.117017789760703
SRR9042879	lightyellow	-0.135975436317472
SRR9042879	red	-0.330705208420335
SRR9042879	magenta	0.186293867755341
SRR9042879	yellow	0.0918003879312433
SRR9042879	blue	0.112149030702239
SRR9042879	grey60	0.147778985270751
SRR9042879	black	-0.0157090317139998
SRR9042879	midnightblue	0.164301028490355
SRR9042879	brown	0.335958411749417
SRR9042879	green	0.177718447602612
SRR9042879	salmon	-0.0441103358686375
SRR9042879	pink	0.0128944566137333
SRR9042879	tan	-0.109917262832787
SRR9042879	turquoise	-0.250241876707298
SRR9042879	lightcyan	-0.000206560123977358
SRR9042879	cyan	-0.0597722080370459
SRR9042879	greenyellow	-0.123901851947938
SRR9042879	lightgreen	0.0534435194905885
SRR9042879	grey	9.84900658636287e-05
SRR9042880	purple	-0.179966189672861
SRR9042880	royalblue	-0.141089451949281
SRR9042880	lightyellow	-0.126268169952681
SRR9042880	red	-0.330628800677152
SRR9042880	magenta	0.184024024078427
SRR9042880	yellow	0.087867970734893
SRR9042880	blue	0.111264637630961
SRR9042880	grey60	0.154611180910353
SRR9042880	black	-0.0212879830033816
SRR9042880	midnightblue	0.156317880340188
SRR9042880	brown	0.33309108592078
SRR9042880	green	0.172998510700007
SRR9042880	salmon	-0.0463266891768663
SRR9042880	pink	0.0150167054855961
SRR9042880	tan	-0.113105016753297
SRR9042880	turquoise	-0.254177206425139
SRR9042880	lightcyan	-0.00716701138481596
SRR9042880	cyan	-0.069158544586549
SRR9042880	greenyellow	-0.126871360865536
SRR9042880	lightgreen	0.050161291414688
SRR9042880	grey	3.10697528750464e-05
SRR9042881	purple	-0.17375737439271
SRR9042881	royalblue	-0.120987911991214
SRR9042881	lightyellow	-0.117473590288621
SRR9042881	red	-0.335690587273938
SRR9042881	magenta	0.187768267112819
SRR9042881	yellow	0.0909964466068418
SRR9042881	blue	0.113264293388066
SRR9042881	grey60	0.150771597410839
SRR9042881	black	-0.0231967235847867
SRR9042881	midnightblue	0.158786258522699
SRR9042881	brown	0.335489504402512
SRR9042881	green	0.177661604945839
SRR9042881	salmon	-0.0474661340131725
SRR9042881	pink	0.0171835730313415
SRR9042881	tan	-0.10639034459733
SRR9042881	turquoise	-0.245626550185893
SRR9042881	lightcyan	-0.00179360578158351
SRR9042881	cyan	-0.0668345694189331
SRR9042881	greenyellow	-0.129249115690317
SRR9042881	lightgreen	0.0532487389439786
SRR9042881	grey	-5.66839277001977e-05
SRR9042882	purple	-0.150427407525149
SRR9042882	royalblue	-0.196795647655963
SRR9042882	lightyellow	-0.233203599510421
SRR9042882	red	-0.358323383890225
SRR9042882	magenta	0.0685972214204539
SRR9042882	yellow	0.102485285139526
SRR9042882	blue	0.0809307393434493
SRR9042882	grey60	0.225026996215626
SRR9042882	black	0.00253924659363336
SRR9042882	midnightblue	0.213385203023242
SRR9042882	brown	0.388400473780988
SRR9042882	green	0.25558632125596
SRR9042882	salmon	-0.0866526044623085
SRR9042882	pink	-0.0368262413739339
SRR9042882	tan	-0.0637017225454435
SRR9042882	turquoise	-0.22709457081312
SRR9042882	lightcyan	-0.0427906475638849
SRR9042882	cyan	-0.049638536456167
SRR9042882	greenyellow	-0.103912045935518
SRR9042882	lightgreen	0.0557573925079599
SRR9042882	grey	0.00046512823272731
SRR9042883	purple	-0.150737498489277
SRR9042883	royalblue	-0.197216600732894
SRR9042883	lightyellow	-0.233517490877062
SRR9042883	red	-0.360537995112936
SRR9042883	magenta	0.0658153484226283
SRR9042883	yellow	0.0987371592126361
SRR9042883	blue	0.080719132274146
SRR9042883	grey60	0.224052973857494
SRR9042883	black	0.00298695207153816
SRR9042883	midnightblue	0.208698014519803
SRR9042883	brown	0.388433286984816
SRR9042883	green	0.258743383332207
SRR9042883	salmon	-0.0781979923561741
SRR9042883	pink	-0.0440097996146084
SRR9042883	tan	-0.0652364536010295
SRR9042883	turquoise	-0.22898759676426
SRR9042883	lightcyan	-0.0406878707256866
SRR9042883	cyan	-0.0435773008038633
SRR9042883	greenyellow	-0.109792722982829
SRR9042883	lightgreen	0.0656297448684291
SRR9042883	grey	0.000538422317397907
SRR9042884	purple	-0.147275854785816
SRR9042884	royalblue	-0.199058994872622
SRR9042884	lightyellow	-0.237490857596131
SRR9042884	red	-0.36527156841968
SRR9042884	magenta	0.0709878876233734
SRR9042884	yellow	0.0981639911777227
SRR9042884	blue	0.0806502482035731
SRR9042884	grey60	0.219715059867082
SRR9042884	black	0.00373082071761257
SRR9042884	midnightblue	0.213574784567228
SRR9042884	brown	0.39022839456475
SRR9042884	green	0.257203762168105
SRR9042884	salmon	-0.0812765766654144
SRR9042884	pink	-0.0416101158871323
SRR9042884	tan	-0.0681552931482417
SRR9042884	turquoise	-0.228979086567177
SRR9042884	lightcyan	-0.0382738668154013
SRR9042884	cyan	-0.0468207642363768
SRR9042884	greenyellow	-0.10698464482407
SRR9042884	lightgreen	0.0583202861063308
SRR9042884	grey	0.000406802064580423
SRR9042886	purple	-0.0579160149219501
SRR9042886	royalblue	0.174554998698117
SRR9042886	lightyellow	0.318290575934787
SRR9042886	red	0.0442393308184933
SRR9042886	magenta	0.32748886718575
SRR9042886	yellow	0.179186802999328
SRR9042886	blue	0.203104487061082
SRR9042886	grey60	-0.00843089041080534
SRR9042886	black	0.0399725074247073
SRR9042886	midnightblue	0.0262306408193407
SRR9042886	brown	0.00284388227282189
SRR9042886	green	-0.209813987230903
SRR9042886	salmon	0.022357097280663
SRR9042886	pink	-0.136451069823156
SRR9042886	tan	-0.202483494723425
SRR9042886	turquoise	-0.168242907620813
SRR9042886	lightcyan	-0.189823623144728
SRR9042886	cyan	-0.0527664050571996
SRR9042886	greenyellow	-0.12618858880666
SRR9042886	lightgreen	-0.00385204568411343
SRR9042886	grey	0.000223155657460505
SRR9042887	purple	-0.0525571631295474
SRR9042887	royalblue	0.176224399217123
SRR9042887	lightyellow	0.330358843963296
SRR9042887	red	0.0438774503900502
SRR9042887	magenta	0.330120064618599
SRR9042887	yellow	0.177240686911665
SRR9042887	blue	0.203310147939634
SRR9042887	grey60	-0.00871081402119757
SRR9042887	black	0.0492046541085584
SRR9042887	midnightblue	0.0252928924230664
SRR9042887	brown	0.0022997328978668
SRR9042887	green	-0.205474085815055
SRR9042887	salmon	0.0182219895258853
SRR9042887	pink	-0.143018179742575
SRR9042887	tan	-0.208638668975996
SRR9042887	turquoise	-0.166718528322855
SRR9042887	lightcyan	-0.199566750959393
SRR9042887	cyan	-0.0565018981835988
SRR9042887	greenyellow	-0.13291950093528
SRR9042887	lightgreen	0.0109978365008899
SRR9042887	grey	0.000143790830215288
SRR9042888	purple	-0.0457655384331748
SRR9042888	royalblue	0.168686062679156
SRR9042888	lightyellow	0.322967395616429
SRR9042888	red	0.0488508043873733
SRR9042888	magenta	0.331716613982789
SRR9042888	yellow	0.179556686656049
SRR9042888	blue	0.202951299821789
SRR9042888	grey60	-0.00542913506210666
SRR9042888	black	0.0467247896879031
SRR9042888	midnightblue	0.025078964799233
SRR9042888	brown	0.00228693081319376
SRR9042888	green	-0.209716668459203
SRR9042888	salmon	0.0245213972560377
SRR9042888	pink	-0.139764931373272
SRR9042888	tan	-0.211988243737961
SRR9042888	turquoise	-0.168150580796442
SRR9042888	lightcyan	-0.188539304556565
SRR9042888	cyan	-0.0564068653911854
SRR9042888	greenyellow	-0.120466944719613
SRR9042888	lightgreen	0.00224547039247352
SRR9042888	grey	0.000244506564419141
SRR9042889	purple	-0.0495580469972267
SRR9042889	royalblue	0.185225238459131
SRR9042889	lightyellow	0.32734387031541
SRR9042889	red	0.0488469262338654
SRR9042889	magenta	0.335246821212463
SRR9042889	yellow	0.178748158066224
SRR9042889	blue	0.204068673389168
SRR9042889	grey60	-0.00182809767736187
SRR9042889	black	0.0461213401551658
SRR9042889	midnightblue	0.0242606286143311
SRR9042889	brown	0.00456242284056202
SRR9042889	green	-0.202343880997616
SRR9042889	salmon	0.0211819498094387
SRR9042889	pink	-0.142746320989268
SRR9042889	tan	-0.21816045329808
SRR9042889	turquoise	-0.167681483592601
SRR9042889	lightcyan	-0.199211645656877
SRR9042889	cyan	-0.0596982267461052
SRR9042889	greenyellow	-0.122971618369217
SRR9042889	lightgreen	0.00483253536140722
SRR9042889	grey	0.000210535068262201
SRR9042890	purple	0.0833975656338138
SRR9042890	royalblue	-0.013688209798466
SRR9042890	lightyellow	0.0209670838531118
SRR9042890	red	0.0429779779997136
SRR9042890	magenta	-0.0745683900895431
SRR9042890	yellow	0.0652763724798098
SRR9042890	blue	0.0654850632418968
SRR9042890	grey60	0.102696145827486
SRR9042890	black	-0.0426805954715586
SRR9042890	midnightblue	-0.10482624803961
SRR9042890	brown	-0.0113417995203657
SRR9042890	green	-0.0696712557739319
SRR9042890	salmon	-0.144878710156492
SRR9042890	pink	-0.103198783478211
SRR9042890	tan	-0.0337467726368065
SRR9042890	turquoise	-0.0638991536556145
SRR9042890	lightcyan	0.0432459280397878
SRR9042890	cyan	0.277307041272668
SRR9042890	greenyellow	0.0770956131987231
SRR9042890	lightgreen	0.153471990406978
SRR9042890	grey	-0.00044559388069547
SRR9042891	purple	0.0894875403148639
SRR9042891	royalblue	-0.00332499480189159
SRR9042891	lightyellow	0.0273564903158917
SRR9042891	red	0.041648020292401
SRR9042891	magenta	-0.0682674147603752
SRR9042891	yellow	0.0655881156380544
SRR9042891	blue	0.0663484665191597
SRR9042891	grey60	0.110254151830923
SRR9042891	black	-0.0399012562637436
SRR9042891	midnightblue	-0.116967858411967
SRR9042891	brown	-0.0103280875761906
SRR9042891	green	-0.0638639697146353
SRR9042891	salmon	-0.143459243379321
SRR9042891	pink	-0.102323882078568
SRR9042891	tan	-0.0338363518240673
SRR9042891	turquoise	-0.0618514327992585
SRR9042891	lightcyan	0.0384693886629007
SRR9042891	cyan	0.274925671502957
SRR9042891	greenyellow	0.0869387053880203
SRR9042891	lightgreen	0.155957061259547
SRR9042891	grey	-0.00052267583530817
SRR9042892	purple	0.0888597360413357
SRR9042892	royalblue	0.00326321079700231
SRR9042892	lightyellow	0.00761074308150513
SRR9042892	red	0.0485657944232277
SRR9042892	magenta	-0.0716641073014464
SRR9042892	yellow	0.0649746377284682
SRR9042892	blue	0.0673420847111536
SRR9042892	grey60	0.111502449287161
SRR9042892	black	-0.0396649859369942
SRR9042892	midnightblue	-0.117973741766846
SRR9042892	brown	-0.00894923140118815
SRR9042892	green	-0.064704649245981
SRR9042892	salmon	-0.145209404099277
SRR9042892	pink	-0.099160283861113
SRR9042892	tan	-0.037059253958153
SRR9042892	turquoise	-0.0622484531014913
SRR9042892	lightcyan	0.0401389162247441
SRR9042892	cyan	0.277733975903774
SRR9042892	greenyellow	0.0752633596711562
SRR9042892	lightgreen	0.15715390738804
SRR9042892	grey	-0.000545861498760142
SRR9042893	purple	0.0879651049176744
SRR9042893	royalblue	-0.0107936426099722
SRR9042893	lightyellow	0.00908777888701724
SRR9042893	red	0.0432360807599676
SRR9042893	magenta	-0.0636054999831253
SRR9042893	yellow	0.0666371495187687
SRR9042893	blue	0.0659481749717339
SRR9042893	grey60	0.103390305829167
SRR9042893	black	-0.0402436224049253
SRR9042893	midnightblue	-0.125593250986155
SRR9042893	brown	-0.0117255483047414
SRR9042893	green	-0.0650926625338138
SRR9042893	salmon	-0.145130440985622
SRR9042893	pink	-0.104474862132093
SRR9042893	tan	-0.0366337294003496
SRR9042893	turquoise	-0.0625508301059031
SRR9042893	lightcyan	0.0378576753796663
SRR9042893	cyan	0.278004579163906
SRR9042893	greenyellow	0.0816421974697537
SRR9042893	lightgreen	0.152947683060923
SRR9042893	grey	-0.00053287250451783
SRR9042894	purple	0.0730892412494152
SRR9042894	royalblue	-0.0394271017679716
SRR9042894	lightyellow	0.0112480739658951
SRR9042894	red	0.0414788416814188
SRR9042894	magenta	-0.0812867634814295
SRR9042894	yellow	0.0643265354538645
SRR9042894	blue	0.0552922528804401
SRR9042894	grey60	0.108948406941596
SRR9042894	black	-0.00853404359990252
SRR9042894	midnightblue	-0.109893469799402
SRR9042894	brown	-0.00969050119022061
SRR9042894	green	-0.0590972320723607
SRR9042894	salmon	-0.170565145926224
SRR9042894	pink	-0.0625436087490811
SRR9042894	tan	-0.0365828324912287
SRR9042894	turquoise	-0.0616415717234194
SRR9042894	lightcyan	0.0796900969993393
SRR9042894	cyan	-0.018773353290985
SRR9042894	greenyellow	0.0860218448387798
SRR9042894	lightgreen	0.140151415496546
SRR9042894	grey	-0.000633383155572261
SRR9042895	purple	0.0697519354993712
SRR9042895	royalblue	-0.041477169381742
SRR9042895	lightyellow	0.0154135899103697
SRR9042895	red	0.0443010389809426
SRR9042895	magenta	-0.0745632308169887
SRR9042895	yellow	0.0640914080016485
SRR9042895	blue	0.0558931441574296
SRR9042895	grey60	0.1144364189939
SRR9042895	black	-0.00796186559429095
SRR9042895	midnightblue	-0.106233345452245
SRR9042895	brown	-0.00862817069550288
SRR9042895	green	-0.0535815089150965
SRR9042895	salmon	-0.167568364378754
SRR9042895	pink	-0.0628846430834703
SRR9042895	tan	-0.0369079698975349
SRR9042895	turquoise	-0.059370521577228
SRR9042895	lightcyan	0.0860662700604614
SRR9042895	cyan	-0.0176625654589937
SRR9042895	greenyellow	0.0952309651180698
SRR9042895	lightgreen	0.148465796603795
SRR9042895	grey	-0.000618849390585536
SRR9042896	purple	0.0664843129638144
SRR9042896	royalblue	-0.0426968204394519
SRR9042896	lightyellow	0.0124226660273923
SRR9042896	red	0.041060380362521
SRR9042896	magenta	-0.0808175285937928
SRR9042896	yellow	0.0653639128347151
SRR9042896	blue	0.0551405480189685
SRR9042896	grey60	0.116280217321515
SRR9042896	black	-0.00819976285900891
SRR9042896	midnightblue	-0.112330852271485
SRR9042896	brown	-0.0086399832654035
SRR9042896	green	-0.0569605669916411
SRR9042896	salmon	-0.168581574438519
SRR9042896	pink	-0.059614664592923
SRR9042896	tan	-0.0379803536669627
SRR9042896	turquoise	-0.0601074864714849
SRR9042896	lightcyan	0.0809980486183197
SRR9042896	cyan	-0.0130171507824655
SRR9042896	greenyellow	0.0886144156699378
SRR9042896	lightgreen	0.144636602060439
SRR9042896	grey	-0.000712227159428246
SRR9042897	purple	0.069992144786638
SRR9042897	royalblue	-0.0439761191054756
SRR9042897	lightyellow	0.0109889076903316
SRR9042897	red	0.0404689729056887
SRR9042897	magenta	-0.0793488837599031
SRR9042897	yellow	0.0655685457096993
SRR9042897	blue	0.0550904707452457
SRR9042897	grey60	0.117383018206172
SRR9042897	black	-0.00955779264827207
SRR9042897	midnightblue	-0.11120348008132
SRR9042897	brown	-0.00765611713684704
SRR9042897	green	-0.0554013539433607
SRR9042897	salmon	-0.17407748787808
SRR9042897	pink	-0.0597058421633085
SRR9042897	tan	-0.0369041613751463
SRR9042897	turquoise	-0.0605789987537846
SRR9042897	lightcyan	0.0878130071323454
SRR9042897	cyan	-0.0155057906709917
SRR9042897	greenyellow	0.0931453795590803
SRR9042897	lightgreen	0.143036416893816
SRR9042897	grey	-0.000447452762436719
SRR9042898	purple	0.0491287551725792
SRR9042898	royalblue	-0.0284510030670076
SRR9042898	lightyellow	0.0574882279770011
SRR9042898	red	0.0658133327082045
SRR9042898	magenta	-0.0653184569737526
SRR9042898	yellow	0.106726743496603
SRR9042898	blue	0.069048391948608
SRR9042898	grey60	0.125850236831304
SRR9042898	black	-0.00181587354586364
SRR9042898	midnightblue	-0.116004311884951
SRR9042898	brown	-0.0295808664850478
SRR9042898	green	-0.102920059768045
SRR9042898	salmon	-0.170035568078928
SRR9042898	pink	-0.0317304007486117
SRR9042898	tan	-0.0826673011066333
SRR9042898	turquoise	-0.0664912913985287
SRR9042898	lightcyan	0.136350382087071
SRR9042898	cyan	0.00907717759278014
SRR9042898	greenyellow	0.0669315496773627
SRR9042898	lightgreen	0.103682444998938
SRR9042898	grey	0.000377850852030627
SRR9042899	purple	0.0589165171605111
SRR9042899	royalblue	-0.0372446254829506
SRR9042899	lightyellow	0.0613134267210163
SRR9042899	red	0.0650985924686167
SRR9042899	magenta	-0.0693231385672536
SRR9042899	yellow	0.108229866601567
SRR9042899	blue	0.0702609909432202
SRR9042899	grey60	0.126390796178246
SRR9042899	black	0.00195507220428585
SRR9042899	midnightblue	-0.11112358998499
SRR9042899	brown	-0.0285622837916309
SRR9042899	green	-0.103253306018735
SRR9042899	salmon	-0.163646279974486
SRR9042899	pink	-0.033883256261229
SRR9042899	tan	-0.0832769275470951
SRR9042899	turquoise	-0.0655974262962907
SRR9042899	lightcyan	0.1380909042598
SRR9042899	cyan	0.00823771733852285
SRR9042899	greenyellow	0.0678674878976812
SRR9042899	lightgreen	0.107836147839157
SRR9042899	grey	0.000405952485483747
SRR9042900	purple	0.0542494263097182
SRR9042900	royalblue	-0.0216615888445965
SRR9042900	lightyellow	0.0575300176941938
SRR9042900	red	0.0666153532139776
SRR9042900	magenta	-0.070817585361546
SRR9042900	yellow	0.10806317081389
SRR9042900	blue	0.070299458141669
SRR9042900	grey60	0.123061434354701
SRR9042900	black	-0.0023158309885675
SRR9042900	midnightblue	-0.112128298778447
SRR9042900	brown	-0.0287730074390006
SRR9042900	green	-0.101898889715409
SRR9042900	salmon	-0.168791930086548
SRR9042900	pink	-0.0373613926427997
SRR9042900	tan	-0.0796574357188014
SRR9042900	turquoise	-0.0662003281532005
SRR9042900	lightcyan	0.130239581632098
SRR9042900	cyan	0.0116124775330987
SRR9042900	greenyellow	0.0688512918131577
SRR9042900	lightgreen	0.101585911627479
SRR9042900	grey	0.000514701685429416
SRR9042901	purple	0.0523757808433165
SRR9042901	royalblue	-0.0273004873416562
SRR9042901	lightyellow	0.0518294111715553
SRR9042901	red	0.0705434822464836
SRR9042901	magenta	-0.0710799716517542
SRR9042901	yellow	0.109831688316654
SRR9042901	blue	0.0698358185418474
SRR9042901	grey60	0.123674952127947
SRR9042901	black	0.00628854637720704
SRR9042901	midnightblue	-0.110762491687655
SRR9042901	brown	-0.0278296925149822
SRR9042901	green	-0.102108458388035
SRR9042901	salmon	-0.165846261309567
SRR9042901	pink	-0.0353218084268042
SRR9042901	tan	-0.0909415361448432
SRR9042901	turquoise	-0.0651336910932459
SRR9042901	lightcyan	0.135626369135169
SRR9042901	cyan	0.00948904004991558
SRR9042901	greenyellow	0.0646985879959145
SRR9042901	lightgreen	0.105578218512569
SRR9042901	grey	0.000962830826970449
SRR9042902	purple	0.0403344965302881
SRR9042902	royalblue	0.0800293774363806
SRR9042902	lightyellow	-0.0438213787288858
SRR9042902	red	-0.00549594385704513
SRR9042902	magenta	0.0194503892174832
SRR9042902	yellow	-0.159183617182154
SRR9042902	blue	-0.0480260594374308
SRR9042902	grey60	-0.0738515538249162
SRR9042902	black	-0.120262784775359
SRR9042902	midnightblue	-0.0112725022693847
SRR9042902	brown	-0.044922566605193
SRR9042902	green	0.0553208580025103
SRR9042902	salmon	0.111237511260128
SRR9042902	pink	0.206452452639132
SRR9042902	tan	0.126553233081453
SRR9042902	turquoise	0.0826052498723912
SRR9042902	lightcyan	0.0206083489600342
SRR9042902	cyan	-0.0192085010399913
SRR9042902	greenyellow	0.0616036410793134
SRR9042902	lightgreen	-0.00230162915223873
SRR9042902	grey	-0.000122651871226297
SRR9042903	purple	0.0326555416196954
SRR9042903	royalblue	0.082323216834745
SRR9042903	lightyellow	-0.0298720430692707
SRR9042903	red	-0.00625088745825677
SRR9042903	magenta	0.0175277712396496
SRR9042903	yellow	-0.160228780849078
SRR9042903	blue	-0.0468954073756131
SRR9042903	grey60	-0.0737702401713595
SRR9042903	black	-0.118653301501972
SRR9042903	midnightblue	-0.00336021837709451
SRR9042903	brown	-0.045179205219868
SRR9042903	green	0.0562770140601718
SRR9042903	salmon	0.1135954034503
SRR9042903	pink	0.207807654984898
SRR9042903	tan	0.122499298808948
SRR9042903	turquoise	0.0818155295313493
SRR9042903	lightcyan	0.014900901247661
SRR9042903	cyan	-0.0145103173577236
SRR9042903	greenyellow	0.0614711186536465
SRR9042903	lightgreen	-0.00239116136989314
SRR9042903	grey	-0.000228140205428141
SRR9042904	purple	0.0323875787742847
SRR9042904	royalblue	0.0897271736494732
SRR9042904	lightyellow	-0.0385512294805066
SRR9042904	red	-0.00683139916083915
SRR9042904	magenta	0.0143417519369981
SRR9042904	yellow	-0.161084072735647
SRR9042904	blue	-0.0472680521326771
SRR9042904	grey60	-0.0748515036219853
SRR9042904	black	-0.118416181353186
SRR9042904	midnightblue	-0.0128658897677217
SRR9042904	brown	-0.0451074454562923
SRR9042904	green	0.0573246484566941
SRR9042904	salmon	0.122590798956974
SRR9042904	pink	0.205615086353145
SRR9042904	tan	0.12096327605781
SRR9042904	turquoise	0.0814807574758509
SRR9042904	lightcyan	0.0219256095267258
SRR9042904	cyan	-0.0157793347046651
SRR9042904	greenyellow	0.0600961474158339
SRR9042904	lightgreen	-0.00656025859748606
SRR9042904	grey	-0.000119058122665181
SRR9042905	purple	0.0411328579385393
SRR9042905	royalblue	0.0929388273155064
SRR9042905	lightyellow	-0.027224046652606
SRR9042905	red	-0.00792152179803951
SRR9042905	magenta	0.0152354250339314
SRR9042905	yellow	-0.159925946782438
SRR9042905	blue	-0.047397237228525
SRR9042905	grey60	-0.069075308765531
SRR9042905	black	-0.114271253759297
SRR9042905	midnightblue	2.56844196356278e-05
SRR9042905	brown	-0.0459409075385487
SRR9042905	green	0.0559186174204998
SRR9042905	salmon	0.113857614218477
SRR9042905	pink	0.206668444952648
SRR9042905	tan	0.129484261346148
SRR9042905	turquoise	0.083728603253148
SRR9042905	lightcyan	0.0286471108450904
SRR9042905	cyan	-0.01670252029165
SRR9042905	greenyellow	0.0596530019820997
SRR9042905	lightgreen	0.00217647000300537
SRR9042905	grey	-9.6329898360595e-05
SRR9042906	purple	0.0321462934023641
SRR9042906	royalblue	0.11629658877726
SRR9042906	lightyellow	-0.0102977222758587
SRR9042906	red	-0.011626492194567
SRR9042906	magenta	0.044425690854437
SRR9042906	yellow	-0.166863917960252
SRR9042906	blue	-0.0186923167149606
SRR9042906	grey60	-0.0775641400022376
SRR9042906	black	-0.137689006633178
SRR9042906	midnightblue	-0.0371855064178644
SRR9042906	brown	-0.0608478401658124
SRR9042906	green	0.0164188315677014
SRR9042906	salmon	0.108391577898411
SRR9042906	pink	0.123853421148524
SRR9042906	tan	0.108146256553084
SRR9042906	turquoise	0.0590655070144922
SRR9042906	lightcyan	0.0165023487263046
SRR9042906	cyan	-0.0499914156061707
SRR9042906	greenyellow	0.0366282764429932
SRR9042906	lightgreen	0.00618714752204306
SRR9042906	grey	-0.000444654228425647
SRR9042907	purple	0.0336659353396081
SRR9042907	royalblue	0.118645807933142
SRR9042907	lightyellow	-0.00422166753841601
SRR9042907	red	-0.0099992555546642
SRR9042907	magenta	0.0429109200694721
SRR9042907	yellow	-0.16751667585287
SRR9042907	blue	-0.0181398553448086
SRR9042907	grey60	-0.0875587576932744
SRR9042907	black	-0.140186213437478
SRR9042907	midnightblue	-0.0355997677567293
SRR9042907	brown	-0.0618712985871661
SRR9042907	green	0.0215505868182476
SRR9042907	salmon	0.108175436021916
SRR9042907	pink	0.125213158750405
SRR9042907	tan	0.111684577546962
SRR9042907	turquoise	0.0591584443192305
SRR9042907	lightcyan	0.0141634038644285
SRR9042907	cyan	-0.0518948576499084
SRR9042907	greenyellow	0.0384827640428646
SRR9042907	lightgreen	0.00666633831269953
SRR9042907	grey	-0.000530951626569863
SRR9042908	purple	0.0344486054348991
SRR9042908	royalblue	0.116640755850506
SRR9042908	lightyellow	-0.00623888101642788
SRR9042908	red	-0.00954155666095226
SRR9042908	magenta	0.0433285962925909
SRR9042908	yellow	-0.166332422378917
SRR9042908	blue	-0.0183602845710193
SRR9042908	grey60	-0.0889715157520906
SRR9042908	black	-0.137888265089414
SRR9042908	midnightblue	-0.034019705644631
SRR9042908	brown	-0.0637946189436058
SRR9042908	green	0.0191725139961036
SRR9042908	salmon	0.112993278016701
SRR9042908	pink	0.121613183895532
SRR9042908	tan	0.109491397166963
SRR9042908	turquoise	0.0592549245261504
SRR9042908	lightcyan	0.0175089021952952
SRR9042908	cyan	-0.0530334722932944
SRR9042908	greenyellow	0.0359847609950249
SRR9042908	lightgreen	0.00814777503517158
SRR9042908	grey	-0.000452605910487667
SRR9042909	purple	0.0325650451410026
SRR9042909	royalblue	0.119972930789611
SRR9042909	lightyellow	-0.0113440721413265
SRR9042909	red	-0.00934490837240894
SRR9042909	magenta	0.0443288660877538
SRR9042909	yellow	-0.168154039085404
SRR9042909	blue	-0.0183226727312807
SRR9042909	grey60	-0.0856910257039919
SRR9042909	black	-0.135935973860419
SRR9042909	midnightblue	-0.0374184154130021
SRR9042909	brown	-0.0595433131221966
SRR9042909	green	0.0205963888534589
SRR9042909	salmon	0.115909784997813
SRR9042909	pink	0.125895604458397
SRR9042909	tan	0.113588930331884
SRR9042909	turquoise	0.0593854738938562
SRR9042909	lightcyan	0.0210704366940523
SRR9042909	cyan	-0.0463110084299899
SRR9042909	greenyellow	0.0439314666666932
SRR9042909	lightgreen	0.00749916598773925
SRR9042909	grey	-0.000371950537793322
SRR9042910	purple	0.0327783298849382
SRR9042910	royalblue	0.0971156925374279
SRR9042910	lightyellow	-0.0303603285160615
SRR9042910	red	-0.0141232277012633
SRR9042910	magenta	0.0333897276155069
SRR9042910	yellow	-0.164428000804325
SRR9042910	blue	-0.0453366877811321
SRR9042910	grey60	-0.0781845052084114
SRR9042910	black	-0.115278742849804
SRR9042910	midnightblue	-0.0193005028721637
SRR9042910	brown	-0.0539135701499095
SRR9042910	green	0.0437571963382761
SRR9042910	salmon	0.125986593666213
SRR9042910	pink	0.100769982173389
SRR9042910	tan	0.120182928869324
SRR9042910	turquoise	0.0761183920064894
SRR9042910	lightcyan	-0.0475235769875972
SRR9042910	cyan	0.325005852474614
SRR9042910	greenyellow	0.0417290604709425
SRR9042910	lightgreen	0.0105329044035487
SRR9042910	grey	-0.000307297663181434
SRR9042911	purple	0.0281229844592851
SRR9042911	royalblue	0.0942108183914387
SRR9042911	lightyellow	-0.0239594157105853
SRR9042911	red	-0.0152371663905796
SRR9042911	magenta	0.0355238822682796
SRR9042911	yellow	-0.164573564072393
SRR9042911	blue	-0.0448397979132964
SRR9042911	grey60	-0.0749904263425126
SRR9042911	black	-0.115328350741344
SRR9042911	midnightblue	-0.0141940500161545
SRR9042911	brown	-0.0569094588791219
SRR9042911	green	0.0413092362503371
SRR9042911	salmon	0.122376511379601
SRR9042911	pink	0.0939572814677113
SRR9042911	tan	0.130268323086317
SRR9042911	turquoise	0.0752624431756047
SRR9042911	lightcyan	-0.0313247054561283
SRR9042911	cyan	0.325632480504888
SRR9042911	greenyellow	0.0388800581623463
SRR9042911	lightgreen	0.015864239250184
SRR9042911	grey	-0.000395798873963733
SRR9042912	purple	0.0306460978540317
SRR9042912	royalblue	0.0989457583426082
SRR9042912	lightyellow	-0.0384244177432834
SRR9042912	red	-0.0129041230967708
SRR9042912	magenta	0.0303665168961574
SRR9042912	yellow	-0.167066097429747
SRR9042912	blue	-0.0465295322548272
SRR9042912	grey60	-0.0773033029623854
SRR9042912	black	-0.112808338147598
SRR9042912	midnightblue	-0.0183295416835054
SRR9042912	brown	-0.0551552741494201
SRR9042912	green	0.0412406253063132
SRR9042912	salmon	0.126501333968307
SRR9042912	pink	0.101116718337789
SRR9042912	tan	0.136271042622912
SRR9042912	turquoise	0.0770058166006662
SRR9042912	lightcyan	-0.0422875401865368
SRR9042912	cyan	0.329679877908653
SRR9042912	greenyellow	0.0377439981006496
SRR9042912	lightgreen	0.0126292053378098
SRR9042912	grey	-0.000328004038287635
SRR9042913	purple	0.0331772066771374
SRR9042913	royalblue	0.0899031374226575
SRR9042913	lightyellow	-0.0285835528678721
SRR9042913	red	-0.0131727430983365
SRR9042913	magenta	0.0326932090623232
SRR9042913	yellow	-0.162599703257846
SRR9042913	blue	-0.0453692150947121
SRR9042913	grey60	-0.0734778459687254
SRR9042913	black	-0.111877018476054
SRR9042913	midnightblue	-0.0248921326677555
SRR9042913	brown	-0.0543409448960203
SRR9042913	green	0.0448442167581959
SRR9042913	salmon	0.127962945413834
SRR9042913	pink	0.0984295065204715
SRR9042913	tan	0.125792488549049
SRR9042913	turquoise	0.0761583596498127
SRR9042913	lightcyan	-0.0376319631887757
SRR9042913	cyan	0.328518593639832
SRR9042913	greenyellow	0.0399382995161381
SRR9042913	lightgreen	0.0118667582262969
SRR9042913	grey	-0.00033368125750104
SRR9042914	purple	0.0556978231918263
SRR9042914	royalblue	0.0384368819348552
SRR9042914	lightyellow	-0.057404926601003
SRR9042914	red	0.0140713016788368
SRR9042914	magenta	-0.0152227525844811
SRR9042914	yellow	-0.136525184280694
SRR9042914	blue	-0.0665105701998686
SRR9042914	grey60	0.00780267864189005
SRR9042914	black	-0.08635804996713
SRR9042914	midnightblue	-0.0612791358398619
SRR9042914	brown	-0.0466717558014527
SRR9042914	green	0.0618432383941372
SRR9042914	salmon	0.0978160734137338
SRR9042914	pink	0.0465838681051364
SRR9042914	tan	0.148669028677339
SRR9042914	turquoise	0.0936892295755761
SRR9042914	lightcyan	-0.0498877134640171
SRR9042914	cyan	0.0143576494388805
SRR9042914	greenyellow	0.117409337731642
SRR9042914	lightgreen	0.00078553162812677
SRR9042914	grey	0.00172370813705739
SRR9042915	purple	0.0538519307398275
SRR9042915	royalblue	0.0450986762804899
SRR9042915	lightyellow	-0.0582017861306132
SRR9042915	red	0.0179957535577086
SRR9042915	magenta	-0.0157656753388497
SRR9042915	yellow	-0.132934873533055
SRR9042915	blue	-0.0657172984397514
SRR9042915	grey60	-0.00157519028106392
SRR9042915	black	-0.0847851792405354
SRR9042915	midnightblue	-0.0591588195926454
SRR9042915	brown	-0.0445387432374045
SRR9042915	green	0.0617432984229749
SRR9042915	salmon	0.0937059153740408
SRR9042915	pink	0.0457209017910687
SRR9042915	tan	0.153941120696386
SRR9042915	turquoise	0.0938982187710691
SRR9042915	lightcyan	-0.0499948643678108
SRR9042915	cyan	0.0174948867904057
SRR9042915	greenyellow	0.113934918166876
SRR9042915	lightgreen	0.0105885015531682
SRR9042915	grey	0.00169034321814705
SRR9042916	purple	0.0571439896366227
SRR9042916	royalblue	0.0357821772466082
SRR9042916	lightyellow	-0.0548774025047808
SRR9042916	red	0.0196747443413525
SRR9042916	magenta	-0.0176461850261272
SRR9042916	yellow	-0.135481272849073
SRR9042916	blue	-0.0662354939076026
SRR9042916	grey60	0.00327879264777312
SRR9042916	black	-0.0873762985106384
SRR9042916	midnightblue	-0.0629529422308962
SRR9042916	brown	-0.0433466180210145
SRR9042916	green	0.0632015387812141
SRR9042916	salmon	0.0945002351245027
SRR9042916	pink	0.0498447701591607
SRR9042916	tan	0.152486176047061
SRR9042916	turquoise	0.0939748499146319
SRR9042916	lightcyan	-0.0458763837346642
SRR9042916	cyan	0.0161108797356448
SRR9042916	greenyellow	0.117615905333126
SRR9042916	lightgreen	0.0152139060725343
SRR9042916	grey	0.00167986811245174
SRR9042917	purple	0.0540196079581825
SRR9042917	royalblue	0.0323038855416917
SRR9042917	lightyellow	-0.0545890294912726
SRR9042917	red	0.0174002122756253
SRR9042917	magenta	-0.0116199055070176
SRR9042917	yellow	-0.136417396898555
SRR9042917	blue	-0.0661056932762026
SRR9042917	grey60	0.00341219421438823
SRR9042917	black	-0.0888466106546576
SRR9042917	midnightblue	-0.0693206625781431
SRR9042917	brown	-0.0429666304797194
SRR9042917	green	0.0622107757189658
SRR9042917	salmon	0.0898708490263161
SRR9042917	pink	0.0497091561855945
SRR9042917	tan	0.152283370334716
SRR9042917	turquoise	0.0923050440308403
SRR9042917	lightcyan	-0.0452126742889789
SRR9042917	cyan	0.0156262413333676
SRR9042917	greenyellow	0.117945850653427
SRR9042917	lightgreen	0.00978460014899802
SRR9042917	grey	0.00167581468468204
SRR9042918	purple	0.0473594248349694
SRR9042918	royalblue	0.0357022086193078
SRR9042918	lightyellow	-0.0773839232828695
SRR9042918	red	-0.00529312133730838
SRR9042918	magenta	-0.0261594243492473
SRR9042918	yellow	-0.149238839843814
SRR9042918	blue	-0.0732249102081675
SRR9042918	grey60	-0.0135667312289037
SRR9042918	black	-0.0933974371991384
SRR9042918	midnightblue	-0.0612539021671098
SRR9042918	brown	-0.0415439593763022
SRR9042918	green	0.0821288205165621
SRR9042918	salmon	0.0915231621215397
SRR9042918	pink	0.137725905281802
SRR9042918	tan	0.161318354934584
SRR9042918	turquoise	0.0907056414606775
SRR9042918	lightcyan	-0.0187475290952336
SRR9042918	cyan	0.00761854968258492
SRR9042918	greenyellow	0.128725981247087
SRR9042918	lightgreen	0.0355597760824933
SRR9042918	grey	-6.21185932234734e-06
SRR9042919	purple	0.0510768698457226
SRR9042919	royalblue	0.0358039346366431
SRR9042919	lightyellow	-0.0818873079463604
SRR9042919	red	-0.00202127238370124
SRR9042919	magenta	-0.0251526792911008
SRR9042919	yellow	-0.146011598867819
SRR9042919	blue	-0.0730479837253963
SRR9042919	grey60	-0.0094082839162111
SRR9042919	black	-0.0922935436275105
SRR9042919	midnightblue	-0.0664202614335379
SRR9042919	brown	-0.0426069750526451
SRR9042919	green	0.0861897183499386
SRR9042919	salmon	0.0858800209850593
SRR9042919	pink	0.138597328119763
SRR9042919	tan	0.162229799517166
SRR9042919	turquoise	0.0920729009880609
SRR9042919	lightcyan	-0.0188205382852089
SRR9042919	cyan	0.00788929349676244
SRR9042919	greenyellow	0.133044247279839
SRR9042919	lightgreen	0.0399365045670004
SRR9042919	grey	-0.000381528064078505
SRR9042920	purple	0.0510393283568589
SRR9042920	royalblue	0.0325609667752078
SRR9042920	lightyellow	-0.0717520466087362
SRR9042920	red	-0.00302698156183892
SRR9042920	magenta	-0.0225182701617253
SRR9042920	yellow	-0.146627242446493
SRR9042920	blue	-0.073655050039898
SRR9042920	grey60	-0.02034746817636
SRR9042920	black	-0.0962333105554125
SRR9042920	midnightblue	-0.0609965143422735
SRR9042920	brown	-0.0409796081278021
SRR9042920	green	0.0862294971969999
SRR9042920	salmon	0.0943434230540285
SRR9042920	pink	0.144415510810381
SRR9042920	tan	0.162356820597298
SRR9042920	turquoise	0.0925264786925752
SRR9042920	lightcyan	-0.017543113344998
SRR9042920	cyan	0.0119732405064002
SRR9042920	greenyellow	0.131850681452196
SRR9042920	lightgreen	0.0360769076700586
SRR9042920	grey	0.000259152575497156
SRR9042921	purple	0.052939322205339
SRR9042921	royalblue	0.0369866972481423
SRR9042921	lightyellow	-0.0818494440674256
SRR9042921	red	0.000581459183883107
SRR9042921	magenta	-0.027958668132788
SRR9042921	yellow	-0.148095419703543
SRR9042921	blue	-0.073293370601341
SRR9042921	grey60	-0.0110959648976324
SRR9042921	black	-0.0947810379484094
SRR9042921	midnightblue	-0.0567139921223273
SRR9042921	brown	-0.0413025087458956
SRR9042921	green	0.0841202427674926
SRR9042921	salmon	0.0912000248862674
SRR9042921	pink	0.138380041675357
SRR9042921	tan	0.167668726078441
SRR9042921	turquoise	0.0914358389146827
SRR9042921	lightcyan	-0.0175765502630564
SRR9042921	cyan	0.00934902241872895
SRR9042921	greenyellow	0.133714375582897
SRR9042921	lightgreen	0.0371029576012419
SRR9042921	grey	0.000231957832032044
SRR9042922	purple	0.0428748091450365
SRR9042922	royalblue	0.0479585404097933
SRR9042922	lightyellow	-0.0747109409777114
SRR9042922	red	-0.00988559797325414
SRR9042922	magenta	-0.00747470313093863
SRR9042922	yellow	-0.15299425976124
SRR9042922	blue	-0.0698103558660236
SRR9042922	grey60	-0.0353763751653256
SRR9042922	black	-0.0780831763544921
SRR9042922	midnightblue	-0.0405048967036922
SRR9042922	brown	-0.0459757699698571
SRR9042922	green	0.0724624328933111
SRR9042922	salmon	0.101209012246905
SRR9042922	pink	0.0794070288292618
SRR9042922	tan	0.147487967413586
SRR9042922	turquoise	0.0932003256404258
SRR9042922	lightcyan	-0.133064955999206
SRR9042922	cyan	0.0787843744415835
SRR9042922	greenyellow	0.0927775397561654
SRR9042922	lightgreen	0.0277726698116083
SRR9042922	grey	0.000714885989596546
SRR9042923	purple	0.0385690636276194
SRR9042923	royalblue	0.0587607269322252
SRR9042923	lightyellow	-0.07041654109295
SRR9042923	red	-0.010594943831092
SRR9042923	magenta	-0.0079364119990196
SRR9042923	yellow	-0.152857306341726
SRR9042923	blue	-0.0698178946418839
SRR9042923	grey60	-0.0337207729814097
SRR9042923	black	-0.0828807361216503
SRR9042923	midnightblue	-0.0379585149802431
SRR9042923	brown	-0.0461687000316471
SRR9042923	green	0.0735806849857496
SRR9042923	salmon	0.100845028322114
SRR9042923	pink	0.0829010188199242
SRR9042923	tan	0.150292649529101
SRR9042923	turquoise	0.0934430138978977
SRR9042923	lightcyan	-0.13645876976537
SRR9042923	cyan	0.0851850200993926
SRR9042923	greenyellow	0.101867674028183
SRR9042923	lightgreen	0.033201806430028
SRR9042923	grey	0.000774002301865082
SRR9042924	purple	0.0351751943144841
SRR9042924	royalblue	0.0409008200171636
SRR9042924	lightyellow	-0.0671890383005706
SRR9042924	red	-0.00987031709109526
SRR9042924	magenta	-0.00697651772714117
SRR9042924	yellow	-0.153918586671313
SRR9042924	blue	-0.0702984230416979
SRR9042924	grey60	-0.0339617271580628
SRR9042924	black	-0.0828904787413116
SRR9042924	midnightblue	-0.0388997523204255
SRR9042924	brown	-0.0473182529161009
SRR9042924	green	0.0741465546268301
SRR9042924	salmon	0.0970468399066386
SRR9042924	pink	0.0801045508144196
SRR9042924	tan	0.154558531222062
SRR9042924	turquoise	0.0926374633541635
SRR9042924	lightcyan	-0.135387435480646
SRR9042924	cyan	0.0835930626769549
SRR9042924	greenyellow	0.10096404204963
SRR9042924	lightgreen	0.024055022634437
SRR9042924	grey	0.000744685181861766
SRR9042925	purple	0.0391609044260626
SRR9042925	royalblue	0.0511559189988028
SRR9042925	lightyellow	-0.0721140972443752
SRR9042925	red	-0.00812618677070629
SRR9042925	magenta	-0.00569629273722611
SRR9042925	yellow	-0.152476300195117
SRR9042925	blue	-0.0694449119910208
SRR9042925	grey60	-0.0301925584816198
SRR9042925	black	-0.0790873010093285
SRR9042925	midnightblue	-0.0396649305414953
SRR9042925	brown	-0.0456828847803385
SRR9042925	green	0.0760856209079983
SRR9042925	salmon	0.0993430263827195
SRR9042925	pink	0.0863266511096145
SRR9042925	tan	0.152509132045586
SRR9042925	turquoise	0.0949600146924111
SRR9042925	lightcyan	-0.13558161218052
SRR9042925	cyan	0.0803960200589794
SRR9042925	greenyellow	0.0991487579913978
SRR9042925	lightgreen	0.0352386258404581
SRR9042925	grey	0.000664326291124864
SRR9042926	purple	0.107147841419451
SRR9042926	royalblue	-0.0301559232951251
SRR9042926	lightyellow	-0.0425660087991502
SRR9042926	red	0.0670079497399808
SRR9042926	magenta	-0.109875647640047
SRR9042926	yellow	0.0136955729597853
SRR9042926	blue	0.0330175444329503
SRR9042926	grey60	0.124085842236347
SRR9042926	black	-0.0788794392695734
SRR9042926	midnightblue	-0.139692720146482
SRR9042926	brown	-0.0311435105681624
SRR9042926	green	-0.0479287741105005
SRR9042926	salmon	-0.135278393662069
SRR9042926	pink	0.0136701700784549
SRR9042926	tan	0.00732535817332585
SRR9042926	turquoise	-0.0141821387377583
SRR9042926	lightcyan	0.0920163788143928
SRR9042926	cyan	0.0489163953323381
SRR9042926	greenyellow	0.143055850275066
SRR9042926	lightgreen	0.132835922922335
SRR9042926	grey	0.000633386418107261
SRR9042927	purple	0.110631320016722
SRR9042927	royalblue	-0.0179427516192879
SRR9042927	lightyellow	-0.0303249070913884
SRR9042927	red	0.065079103535843
SRR9042927	magenta	-0.115196313661044
SRR9042927	yellow	0.0157219081447876
SRR9042927	blue	0.0331723452463544
SRR9042927	grey60	0.127144113568772
SRR9042927	black	-0.0803463205952259
SRR9042927	midnightblue	-0.144061541595516
SRR9042927	brown	-0.0312356573959681
SRR9042927	green	-0.0444197727272669
SRR9042927	salmon	-0.132292719783278
SRR9042927	pink	0.0172578183879578
SRR9042927	tan	0.00884502340778558
SRR9042927	turquoise	-0.0147570209248576
SRR9042927	lightcyan	0.0939818409024041
SRR9042927	cyan	0.0517659283783674
SRR9042927	greenyellow	0.143591034689027
SRR9042927	lightgreen	0.130916736674614
SRR9042927	grey	0.000476123494502365
SRR9042928	purple	0.110703045741217
SRR9042928	royalblue	-0.0251862509215091
SRR9042928	lightyellow	-0.0446038810286219
SRR9042928	red	0.0654752901013385
SRR9042928	magenta	-0.114985550082159
SRR9042928	yellow	0.0151862851265542
SRR9042928	blue	0.0325323699033652
SRR9042928	grey60	0.1239699179029
SRR9042928	black	-0.0806481525267656
SRR9042928	midnightblue	-0.148962796872645
SRR9042928	brown	-0.031660566836923
SRR9042928	green	-0.0443733524107935
SRR9042928	salmon	-0.130751457471159
SRR9042928	pink	0.0152714587080605
SRR9042928	tan	0.00923275948515795
SRR9042928	turquoise	-0.0155863365511156
SRR9042928	lightcyan	0.0819150920308525
SRR9042928	cyan	0.0464257871197071
SRR9042928	greenyellow	0.147668117822366
SRR9042928	lightgreen	0.127980525162567
SRR9042928	grey	0.000551154479822307
SRR9042929	purple	0.11146941716468
SRR9042929	royalblue	-0.0345330632698946
SRR9042929	lightyellow	-0.0298468235864498
SRR9042929	red	0.0675471286347129
SRR9042929	magenta	-0.114790411726394
SRR9042929	yellow	0.0132500823906787
SRR9042929	blue	0.0323676575395815
SRR9042929	grey60	0.126196069360271
SRR9042929	black	-0.0839361491889557
SRR9042929	midnightblue	-0.144401466426471
SRR9042929	brown	-0.0314517335530793
SRR9042929	green	-0.0505468872017219
SRR9042929	salmon	-0.127871066681292
SRR9042929	pink	0.0154587579058847
SRR9042929	tan	0.0129337385019481
SRR9042929	turquoise	-0.0139031599310031
SRR9042929	lightcyan	0.0914013744542302
SRR9042929	cyan	0.0496570310096101
SRR9042929	greenyellow	0.145123514244786
SRR9042929	lightgreen	0.132308249893366
SRR9042929	grey	0.000523118520123385
SRR9042930	purple	0.122419554904195
SRR9042930	royalblue	-0.0215166849656647
SRR9042930	lightyellow	-0.0577069858674409
SRR9042930	red	0.0517994625776729
SRR9042930	magenta	-0.118003676665082
SRR9042930	yellow	0.011194505843752
SRR9042930	blue	0.0287242969511619
SRR9042930	grey60	0.105183204089217
SRR9042930	black	-0.0814836088731906
SRR9042930	midnightblue	-0.144321347358724
SRR9042930	brown	-0.0313953486395202
SRR9042930	green	-0.0267731948640672
SRR9042930	salmon	-0.121321627121493
SRR9042930	pink	0.0506541856308427
SRR9042930	tan	0.026185152118985
SRR9042930	turquoise	-0.0139985338797608
SRR9042930	lightcyan	0.0795067971586072
SRR9042930	cyan	-0.00866943845453401
SRR9042930	greenyellow	0.147860174527412
SRR9042930	lightgreen	0.130363629959979
SRR9042930	grey	-0.000368944368546479
SRR9042931	purple	0.125320933866248
SRR9042931	royalblue	-0.0325400450087301
SRR9042931	lightyellow	-0.0435480612537269
SRR9042931	red	0.0512840246783435
SRR9042931	magenta	-0.120514108449314
SRR9042931	yellow	0.00907766376076592
SRR9042931	blue	0.0296636775950636
SRR9042931	grey60	0.109730518083359
SRR9042931	black	-0.0814207618844939
SRR9042931	midnightblue	-0.140113782428493
SRR9042931	brown	-0.0309684412593882
SRR9042931	green	-0.02517357568787
SRR9042931	salmon	-0.118878676146315
SRR9042931	pink	0.0505747086329251
SRR9042931	tan	0.0256430244603122
SRR9042931	turquoise	-0.0105103016130346
SRR9042931	lightcyan	0.0769254693519775
SRR9042931	cyan	-0.00955509643524641
SRR9042931	greenyellow	0.155424637158935
SRR9042931	lightgreen	0.133383880403106
SRR9042931	grey	-0.000334258192153183
SRR9042932	purple	0.119598665553244
SRR9042932	royalblue	-0.0273007211196988
SRR9042932	lightyellow	-0.0502923746213161
SRR9042932	red	0.0518796005496281
SRR9042932	magenta	-0.120305939024742
SRR9042932	yellow	0.0106999454464376
SRR9042932	blue	0.0289677418576356
SRR9042932	grey60	0.108364072728092
SRR9042932	black	-0.0768151569747437
SRR9042932	midnightblue	-0.143423700286301
SRR9042932	brown	-0.0306554044275187
SRR9042932	green	-0.0253806076234062
SRR9042932	salmon	-0.123000809020167
SRR9042932	pink	0.0504270232450819
SRR9042932	tan	0.026842288312605
SRR9042932	turquoise	-0.0117547200614201
SRR9042932	lightcyan	0.0746292907628845
SRR9042932	cyan	-0.00599499326435148
SRR9042932	greenyellow	0.154215936373702
SRR9042932	lightgreen	0.133483467314192
SRR9042932	grey	-0.000869886002595245
SRR9042933	purple	0.12258994810079
SRR9042933	royalblue	-0.0204622007482604
SRR9042933	lightyellow	-0.0429895711103691
SRR9042933	red	0.0535397880210477
SRR9042933	magenta	-0.122738930075657
SRR9042933	yellow	0.0109211144765534
SRR9042933	blue	0.0292262703881075
SRR9042933	grey60	0.103924665166616
SRR9042933	black	-0.085702561979248
SRR9042933	midnightblue	-0.145126106398165
SRR9042933	brown	-0.0329761749612569
SRR9042933	green	-0.025216205054029
SRR9042933	salmon	-0.124673754436585
SRR9042933	pink	0.0482989281317583
SRR9042933	tan	0.0246307488218323
SRR9042933	turquoise	-0.0113292547770871
SRR9042933	lightcyan	0.0827362637992654
SRR9042933	cyan	-0.0103431630841518
SRR9042933	greenyellow	0.148825933483181
SRR9042933	lightgreen	0.133387959558949
SRR9042933	grey	-0.000475931631802119
SRR9042934	purple	0.101774319840016
SRR9042934	royalblue	-0.0139256690986441
SRR9042934	lightyellow	-0.0177619509222058
SRR9042934	red	0.0648775872018507
SRR9042934	magenta	-0.101290668640767
SRR9042934	yellow	0.0317187613952707
SRR9042934	blue	0.0428380655392348
SRR9042934	grey60	0.106557097602341
SRR9042934	black	-0.0568608484432235
SRR9042934	midnightblue	-0.121886604230334
SRR9042934	brown	-0.0315946365264588
SRR9042934	green	-0.0575990990622796
SRR9042934	salmon	-0.114206029163815
SRR9042934	pink	0.0107294570708445
SRR9042934	tan	-0.0076030865572591
SRR9042934	turquoise	-0.0213947424322632
SRR9042934	lightcyan	0.0611082985155568
SRR9042934	cyan	0.0290385255573103
SRR9042934	greenyellow	0.116966544205509
SRR9042934	lightgreen	0.109920961581297
SRR9042934	grey	0.000396513792590318
SRR9042935	purple	0.0996456880579736
SRR9042935	royalblue	-0.0140609364154125
SRR9042935	lightyellow	-0.0104222491560646
SRR9042935	red	0.0627088311732001
SRR9042935	magenta	-0.098363904921493
SRR9042935	yellow	0.0320643162240132
SRR9042935	blue	0.0431658664663363
SRR9042935	grey60	0.104085936433086
SRR9042935	black	-0.0511941412084926
SRR9042935	midnightblue	-0.122364754151097
SRR9042935	brown	-0.0311137912552069
SRR9042935	green	-0.0607071942042487
SRR9042935	salmon	-0.121314513762554
SRR9042935	pink	0.0059266542767727
SRR9042935	tan	-0.0036802432651559
SRR9042935	turquoise	-0.020300147168175
SRR9042935	lightcyan	0.0575786997786665
SRR9042935	cyan	0.0345751367521213
SRR9042935	greenyellow	0.113948652409617
SRR9042935	lightgreen	0.108074267386132
SRR9042935	grey	0.000379216729401151
SRR9042936	purple	0.102358952733097
SRR9042936	royalblue	-0.0152294577748627
SRR9042936	lightyellow	-0.00358763824346779
SRR9042936	red	0.0649144587283516
SRR9042936	magenta	-0.0989566840123625
SRR9042936	yellow	0.0334699868514223
SRR9042936	blue	0.0421327386789459
SRR9042936	grey60	0.106291847625961
SRR9042936	black	-0.0545232913293805
SRR9042936	midnightblue	-0.119408273524837
SRR9042936	brown	-0.0326949104773129
SRR9042936	green	-0.0584738545967723
SRR9042936	salmon	-0.115010532212564
SRR9042936	pink	0.00676454706629385
SRR9042936	tan	-0.0136131317581838
SRR9042936	turquoise	-0.0215361236236806
SRR9042936	lightcyan	0.055844463828065
SRR9042936	cyan	0.0350455197724736
SRR9042936	greenyellow	0.118223124348764
SRR9042936	lightgreen	0.11407758162694
SRR9042936	grey	0.000319667380894751
SRR9042937	purple	0.103047073847822
SRR9042937	royalblue	-0.000111713228395971
SRR9042937	lightyellow	-0.0124659120054506
SRR9042937	red	0.0651956428671937
SRR9042937	magenta	-0.0992584272045371
SRR9042937	yellow	0.0326772408870608
SRR9042937	blue	0.0412973468411881
SRR9042937	grey60	0.105193760459767
SRR9042937	black	-0.0575400737259542
SRR9042937	midnightblue	-0.123877300771387
SRR9042937	brown	-0.0330709746536383
SRR9042937	green	-0.0616072684360827
SRR9042937	salmon	-0.119169904702598
SRR9042937	pink	0.00273027688754789
SRR9042937	tan	-0.00789290725173893
SRR9042937	turquoise	-0.020117298580535
SRR9042937	lightcyan	0.0598490123828105
SRR9042937	cyan	0.0300240036841418
SRR9042937	greenyellow	0.116691944035298
SRR9042937	lightgreen	0.107989882620913
SRR9042937	grey	0.000412486951918169
SRR9042938	purple	-0.17568368924039
SRR9042938	royalblue	-0.180420941990656
SRR9042938	lightyellow	-0.0491424121831514
SRR9042938	red	-0.00234021318138128
SRR9042938	magenta	-0.093871218736421
SRR9042938	yellow	0.0107374494830835
SRR9042938	blue	-0.186850784013755
SRR9042938	grey60	-0.112250839093772
SRR9042938	black	0.205614368409907
SRR9042938	midnightblue	0.146564246425302
SRR9042938	brown	-0.014954343541966
SRR9042938	green	0.0688183350984511
SRR9042938	salmon	0.0325191636568989
SRR9042938	pink	0.0343166286191467
SRR9042938	tan	0.00454940471128348
SRR9042938	turquoise	0.107005685212407
SRR9042938	lightcyan	0.117971215559639
SRR9042938	cyan	-0.067881532819409
SRR9042938	greenyellow	-0.0991686992838996
SRR9042938	lightgreen	-0.132836103558473
SRR9042938	grey	-0.000662059050373652
SRR9042939	purple	-0.171621039498225
SRR9042939	royalblue	-0.191152299342882
SRR9042939	lightyellow	-0.0692585244953042
SRR9042939	red	-0.00546373020557459
SRR9042939	magenta	-0.0978794925940252
SRR9042939	yellow	0.00999475862532593
SRR9042939	blue	-0.187939243605109
SRR9042939	grey60	-0.114457170662598
SRR9042939	black	0.201896252277817
SRR9042939	midnightblue	0.13731844735628
SRR9042939	brown	-0.0182712068941379
SRR9042939	green	0.0690075907975475
SRR9042939	salmon	0.0364434750885716
SRR9042939	pink	0.0259437760578813
SRR9042939	tan	0.000690158275371663
SRR9042939	turquoise	0.106002477508756
SRR9042939	lightcyan	0.122368705309412
SRR9042939	cyan	-0.0690453603662476
SRR9042939	greenyellow	-0.0890319555069295
SRR9042939	lightgreen	-0.136161171181416
SRR9042939	grey	-0.000611892723308698
SRR9042940	purple	-0.17149009685631
SRR9042940	royalblue	-0.174886409420949
SRR9042940	lightyellow	-0.055307662915265
SRR9042940	red	-0.0031147597740205
SRR9042940	magenta	-0.0920477527897851
SRR9042940	yellow	0.0127149476548408
SRR9042940	blue	-0.188559191780261
SRR9042940	grey60	-0.117932112897179
SRR9042940	black	0.204509572587593
SRR9042940	midnightblue	0.145784818249477
SRR9042940	brown	-0.0149769183162925
SRR9042940	green	0.0628557868781528
SRR9042940	salmon	0.0395099879381381
SRR9042940	pink	0.028340268898794
SRR9042940	tan	0.00428141608005004
SRR9042940	turquoise	0.107512803654143
SRR9042940	lightcyan	0.127712438143567
SRR9042940	cyan	-0.0656250037745005
SRR9042940	greenyellow	-0.0921032545575027
SRR9042940	lightgreen	-0.129776906360019
SRR9042940	grey	-0.00140081328298223
SRR9042941	purple	-0.174620803132794
SRR9042941	royalblue	-0.175034833712395
SRR9042941	lightyellow	-0.065977966295005
SRR9042941	red	-0.00177630874339035
SRR9042941	magenta	-0.0969107379679029
SRR9042941	yellow	0.00972457939467413
SRR9042941	blue	-0.188850343526894
SRR9042941	grey60	-0.121122493799367
SRR9042941	black	0.202664257236907
SRR9042941	midnightblue	0.144305356102019
SRR9042941	brown	-0.0156854538059748
SRR9042941	green	0.065334702004815
SRR9042941	salmon	0.0337605911067408
SRR9042941	pink	0.026833474642192
SRR9042941	tan	0.00290957413399915
SRR9042941	turquoise	0.104455707582755
SRR9042941	lightcyan	0.121883993714886
SRR9042941	cyan	-0.0710631835051684
SRR9042941	greenyellow	-0.0981182367543012
SRR9042941	lightgreen	-0.132225028239785
SRR9042941	grey	-0.000653925781343665
SRR9042942	purple	-0.194037649086766
SRR9042942	royalblue	-0.164595619125901
SRR9042942	lightyellow	-0.0341092379296417
SRR9042942	red	0.00808337096788166
SRR9042942	magenta	-0.0754206576599017
SRR9042942	yellow	0.00409528124580833
SRR9042942	blue	-0.177041488274815
SRR9042942	grey60	-0.135183156547999
SRR9042942	black	0.1891701438206
SRR9042942	midnightblue	0.14839541101665
SRR9042942	brown	-0.0229391872029085
SRR9042942	green	0.0589270120613654
SRR9042942	salmon	0.0447277530495733
SRR9042942	pink	0.096719867636081
SRR9042942	tan	-0.0132338297285032
SRR9042942	turquoise	0.103946600728434
SRR9042942	lightcyan	0.157176324007316
SRR9042942	cyan	-0.0498557065298198
SRR9042942	greenyellow	-0.0962335566041653
SRR9042942	lightgreen	-0.173029359074305
SRR9042942	grey	0.000256938581171388
SRR9042943	purple	-0.186972916697815
SRR9042943	royalblue	-0.184434443659422
SRR9042943	lightyellow	-0.0294937840440345
SRR9042943	red	0.00926599522322567
SRR9042943	magenta	-0.0711773804512764
SRR9042943	yellow	0.00588612472522763
SRR9042943	blue	-0.177110853598107
SRR9042943	grey60	-0.137235724740413
SRR9042943	black	0.190587946719128
SRR9042943	midnightblue	0.143228892018206
SRR9042943	brown	-0.0217271165170377
SRR9042943	green	0.0606238137182594
SRR9042943	salmon	0.0467992094882459
SRR9042943	pink	0.0962744255745121
SRR9042943	tan	-0.0178723863338876
SRR9042943	turquoise	0.105220712845049
SRR9042943	lightcyan	0.151967083952366
SRR9042943	cyan	-0.0535621703351295
SRR9042943	greenyellow	-0.0965828094045001
SRR9042943	lightgreen	-0.171204629817107
SRR9042943	grey	0.00035307098176738
SRR9042944	purple	-0.19386706492857
SRR9042944	royalblue	-0.165035638698563
SRR9042944	lightyellow	-0.0308143198345089
SRR9042944	red	0.00905752094187337
SRR9042944	magenta	-0.0717658680649858
SRR9042944	yellow	0.00522356323888932
SRR9042944	blue	-0.177478141347241
SRR9042944	grey60	-0.131190201287885
SRR9042944	black	0.191249057952037
SRR9042944	midnightblue	0.139765729181323
SRR9042944	brown	-0.0230720481344557
SRR9042944	green	0.0588849226510788
SRR9042944	salmon	0.0384452577373657
SRR9042944	pink	0.101268481267828
SRR9042944	tan	-0.018632049274743
SRR9042944	turquoise	0.10454066464242
SRR9042944	lightcyan	0.148247150593309
SRR9042944	cyan	-0.0513205152638049
SRR9042944	greenyellow	-0.0993633015210165
SRR9042944	lightgreen	-0.171307834812904
SRR9042944	grey	0.000300756066639513
SRR9042945	purple	-0.18880011859699
SRR9042945	royalblue	-0.151297783022952
SRR9042945	lightyellow	-0.0329734198257814
SRR9042945	red	0.0102012549001784
SRR9042945	magenta	-0.0699197751749714
SRR9042945	yellow	0.00419348526866422
SRR9042945	blue	-0.178086396198038
SRR9042945	grey60	-0.125250479995238
SRR9042945	black	0.190210054619802
SRR9042945	midnightblue	0.140747819565934
SRR9042945	brown	-0.0232083864249777
SRR9042945	green	0.0600957406409732
SRR9042945	salmon	0.0423182381949822
SRR9042945	pink	0.0969807382033907
SRR9042945	tan	-0.0186182311996583
SRR9042945	turquoise	0.106104905513348
SRR9042945	lightcyan	0.155321023673965
SRR9042945	cyan	-0.0493224608702585
SRR9042945	greenyellow	-0.102706615423679
SRR9042945	lightgreen	-0.165304353094295
SRR9042945	grey	0.000254757722870261
SRR9042946	purple	-0.238538759001842
SRR9042946	royalblue	-0.214894771583036
SRR9042946	lightyellow	-0.0363993475621577
SRR9042946	red	0.0272709452841654
SRR9042946	magenta	-0.137200455826583
SRR9042946	yellow	0.082495973957757
SRR9042946	blue	-0.18286775429316
SRR9042946	grey60	-0.0504390431173283
SRR9042946	black	0.245539138212943
SRR9042946	midnightblue	0.115834637223653
SRR9042946	brown	-0.0275459974720803
SRR9042946	green	0.0322543430339256
SRR9042946	salmon	-0.0215866727264323
SRR9042946	pink	0.128853822136348
SRR9042946	tan	-0.0512924010973561
SRR9042946	turquoise	0.093866657533705
SRR9042946	lightcyan	0.206858032193369
SRR9042946	cyan	-0.107665319711849
SRR9042946	greenyellow	-0.0835753904743809
SRR9042946	lightgreen	-0.177323291324106
SRR9042946	grey	0.0013603650248743
SRR9042948	purple	-0.235650183645716
SRR9042948	royalblue	-0.219883649874826
SRR9042948	lightyellow	-0.0280598542268997
SRR9042948	red	0.0294904199689375
SRR9042948	magenta	-0.134392531355257
SRR9042948	yellow	0.0841417971624679
SRR9042948	blue	-0.183732345049611
SRR9042948	grey60	-0.0639172257531047
SRR9042948	black	0.243953782093209
SRR9042948	midnightblue	0.115208933225097
SRR9042948	brown	-0.0229290889955239
SRR9042948	green	0.0296907025940683
SRR9042948	salmon	-0.0315079515263479
SRR9042948	pink	0.127751063748732
SRR9042948	tan	-0.0652181709883082
SRR9042948	turquoise	0.0957283507141716
SRR9042948	lightcyan	0.208130651380249
SRR9042948	cyan	-0.109327840625233
SRR9042948	greenyellow	-0.0814832778413784
SRR9042948	lightgreen	-0.168725395052184
SRR9042948	grey	0.00142177109241522
SRR9042949	purple	-0.228422861667404
SRR9042949	royalblue	-0.223161504367433
SRR9042949	lightyellow	-0.013074677015448
SRR9042949	red	0.0244034413629666
SRR9042949	magenta	-0.133113125737542
SRR9042949	yellow	0.083476346113092
SRR9042949	blue	-0.182248312187847
SRR9042949	grey60	-0.0577102005367377
SRR9042949	black	0.239933361174737
SRR9042949	midnightblue	0.117545223629382
SRR9042949	brown	-0.0249668047184066
SRR9042949	green	0.0288065872598982
SRR9042949	salmon	-0.0329872222640869
SRR9042949	pink	0.127233180958548
SRR9042949	tan	-0.0553196568354016
SRR9042949	turquoise	0.0956836224756219
SRR9042949	lightcyan	0.209247164601129
SRR9042949	cyan	-0.107189664397757
SRR9042949	greenyellow	-0.0835549901966403
SRR9042949	lightgreen	-0.171331637438962
SRR9042949	grey	0.0014103016452562
SRR9042950	purple	0.0711427832711058
SRR9042950	royalblue	0.126800923521751
SRR9042950	lightyellow	0.139819847919012
SRR9042950	red	0.0988536321966023
SRR9042950	magenta	0.0734834163573332
SRR9042950	yellow	0.0587004788098488
SRR9042950	blue	0.112523693651656
SRR9042950	grey60	-0.0122197538449427
SRR9042950	black	-0.0309925857725815
SRR9042950	midnightblue	-0.0364044665929411
SRR9042950	brown	-0.0482824623768671
SRR9042950	green	-0.178756955723841
SRR9042950	salmon	-0.0214830930269556
SRR9042950	pink	-0.0737741826990057
SRR9042950	tan	-0.144750290597675
SRR9042950	turquoise	-0.0581787692743474
SRR9042950	lightcyan	-0.00437960531790482
SRR9042950	cyan	-0.0425693609037794
SRR9042950	greenyellow	-0.111406089360252
SRR9042950	lightgreen	-0.149285418753321
SRR9042950	grey	0.00136060568495018
SRR9042951	purple	0.0698870177642767
SRR9042951	royalblue	0.120822592324889
SRR9042951	lightyellow	0.144691910764656
SRR9042951	red	0.0967312284366884
SRR9042951	magenta	0.0830400135040258
SRR9042951	yellow	0.0592769970548186
SRR9042951	blue	0.112843423430449
SRR9042951	grey60	-0.0162531953972588
SRR9042951	black	-0.0331282517137723
SRR9042951	midnightblue	-0.0366239514823972
SRR9042951	brown	-0.0509144793017074
SRR9042951	green	-0.175360774550558
SRR9042951	salmon	-0.0141832650809155
SRR9042951	pink	-0.0711390156105623
SRR9042951	tan	-0.141958988213483
SRR9042951	turquoise	-0.0569731090899798
SRR9042951	lightcyan	-0.00383999451682203
SRR9042951	cyan	-0.0387345323059192
SRR9042951	greenyellow	-0.11257236850398
SRR9042951	lightgreen	-0.139417439661455
SRR9042951	grey	0.00157786979840749
SRR9042952	purple	0.0687470218212441
SRR9042952	royalblue	0.121340361375126
SRR9042952	lightyellow	0.138127185297845
SRR9042952	red	0.0990485949307522
SRR9042952	magenta	0.0731212363124788
SRR9042952	yellow	0.0600745116384864
SRR9042952	blue	0.112254255332374
SRR9042952	grey60	-0.00998854820147942
SRR9042952	black	-0.0349583306159595
SRR9042952	midnightblue	-0.0364138553416546
SRR9042952	brown	-0.0491113617846186
SRR9042952	green	-0.177302252177253
SRR9042952	salmon	-0.0239334701496562
SRR9042952	pink	-0.0708238285794337
SRR9042952	tan	-0.146846861831883
SRR9042952	turquoise	-0.0577471062329409
SRR9042952	lightcyan	-0.00326570081407837
SRR9042952	cyan	-0.0449116993454641
SRR9042952	greenyellow	-0.111073407652244
SRR9042952	lightgreen	-0.142468794469374
SRR9042952	grey	0.00144890296350145
SRR9042953	purple	0.0682800699505917
SRR9042953	royalblue	0.125454013250714
SRR9042953	lightyellow	0.144806323279337
SRR9042953	red	0.0969763385137204
SRR9042953	magenta	0.0738470965532533
SRR9042953	yellow	0.0585786085007319
SRR9042953	blue	0.113196512303385
SRR9042953	grey60	-0.00816663294420079
SRR9042953	black	-0.0308078232659881
SRR9042953	midnightblue	-0.0364344964542048
SRR9042953	brown	-0.0500082082890945
SRR9042953	green	-0.1781188897662
SRR9042953	salmon	-0.0173077511029394
SRR9042953	pink	-0.0721674426895487
SRR9042953	tan	-0.13983651677273
SRR9042953	turquoise	-0.0575764379127552
SRR9042953	lightcyan	0.0027235775133809
SRR9042953	cyan	-0.0431097813200771
SRR9042953	greenyellow	-0.108412781684713
SRR9042953	lightgreen	-0.150239984042082
SRR9042953	grey	0.00164707383075089
SRR9042954	purple	0.0860966398241268
SRR9042954	royalblue	0.066297907083835
SRR9042954	lightyellow	0.0947577093133752
SRR9042954	red	0.0822584427400489
SRR9042954	magenta	-0.0107790217399035
SRR9042954	yellow	0.109335226533096
SRR9042954	blue	0.107953285292948
SRR9042954	grey60	-0.00173234830373439
SRR9042954	black	0.0211116254544501
SRR9042954	midnightblue	0.00598521466066652
SRR9042954	brown	-0.0248206688546489
SRR9042954	green	-0.131116766249537
SRR9042954	salmon	-0.0467036689431932
SRR9042954	pink	-0.148137651517727
SRR9042954	tan	-0.13106325078038
SRR9042954	turquoise	-0.0544052676628547
SRR9042954	lightcyan	-0.108692012565989
SRR9042954	cyan	-0.0862542654725898
SRR9042954	greenyellow	-0.114947642471189
SRR9042954	lightgreen	-0.147995315409263
SRR9042954	grey	0.000104211750817627
SRR9042955	purple	0.091713858893591
SRR9042955	royalblue	0.0697134458017481
SRR9042955	lightyellow	0.101799285653512
SRR9042955	red	0.0799164768851139
SRR9042955	magenta	-0.00896418623091485
SRR9042955	yellow	0.109648414616787
SRR9042955	blue	0.108588851512313
SRR9042955	grey60	-0.00479716966364368
SRR9042955	black	0.0269555658038303
SRR9042955	midnightblue	0.00715387574256079
SRR9042955	brown	-0.0229778097935966
SRR9042955	green	-0.134382460465544
SRR9042955	salmon	-0.0520453503629879
SRR9042955	pink	-0.14335699907026
SRR9042955	tan	-0.127052938713129
SRR9042955	turquoise	-0.0542160482966713
SRR9042955	lightcyan	-0.100755304189344
SRR9042955	cyan	-0.0877674842695448
SRR9042955	greenyellow	-0.114219797504101
SRR9042955	lightgreen	-0.144796131534965
SRR9042955	grey	4.82033140611001e-05
SRR9042956	purple	0.0940784648175986
SRR9042956	royalblue	0.0709645408822712
SRR9042956	lightyellow	0.112106026230356
SRR9042956	red	0.0821025426234729
SRR9042956	magenta	-0.0102060627881866
SRR9042956	yellow	0.107937460468049
SRR9042956	blue	0.108609403741464
SRR9042956	grey60	-0.00678887017561695
SRR9042956	black	0.0222482190773376
SRR9042956	midnightblue	0.0064383502966427
SRR9042956	brown	-0.0241666543921443
SRR9042956	green	-0.133854814661735
SRR9042956	salmon	-0.0468088255302521
SRR9042956	pink	-0.147646019152903
SRR9042956	tan	-0.129104907944199
SRR9042956	turquoise	-0.0521249242992884
SRR9042956	lightcyan	-0.110360331958016
SRR9042956	cyan	-0.0873668516251202
SRR9042956	greenyellow	-0.116893452879885
SRR9042956	lightgreen	-0.146869455370236
SRR9042956	grey	4.176080192328e-05
SRR9042957	purple	0.0935385178238259
SRR9042957	royalblue	0.0743820064653866
SRR9042957	lightyellow	0.108470464070308
SRR9042957	red	0.0838137473900551
SRR9042957	magenta	-0.0090578354697707
SRR9042957	yellow	0.109262452838651
SRR9042957	blue	0.109831518371236
SRR9042957	grey60	-0.00459898853691226
SRR9042957	black	0.0259909839183762
SRR9042957	midnightblue	0.0123318026226188
SRR9042957	brown	-0.0216678735806474
SRR9042957	green	-0.132466649501975
SRR9042957	salmon	-0.056742725938864
SRR9042957	pink	-0.140738939088731
SRR9042957	tan	-0.136073865852713
SRR9042957	turquoise	-0.0522020921045435
SRR9042957	lightcyan	-0.103784159031573
SRR9042957	cyan	-0.0891606002371979
SRR9042957	greenyellow	-0.118228441143003
SRR9042957	lightgreen	-0.143243603252228
SRR9042957	grey	0.000148801645810846
SRR9042958	purple	0.0732712658481082
SRR9042958	royalblue	0.123179228801106
SRR9042958	lightyellow	0.156084299453405
SRR9042958	red	0.0367957705140775
SRR9042958	magenta	0.0993014136232676
SRR9042958	yellow	0.114720102108266
SRR9042958	blue	0.140271953010383
SRR9042958	grey60	-0.0606330159557127
SRR9042958	black	0.0142326412320353
SRR9042958	midnightblue	0.0229909951359589
SRR9042958	brown	-0.01484769753912
SRR9042958	green	-0.115445711526734
SRR9042958	salmon	-0.00145958643433667
SRR9042958	pink	-0.20372558481452
SRR9042958	tan	-0.119544470371656
SRR9042958	turquoise	-0.0773772126039187
SRR9042958	lightcyan	-0.217655711217207
SRR9042958	cyan	-0.0986686593971934
SRR9042958	greenyellow	-0.148174855141601
SRR9042958	lightgreen	-0.153685825591422
SRR9042958	grey	-0.00166264408092097
SRR9042959	purple	0.0716204475969671
SRR9042959	royalblue	0.119925029525768
SRR9042959	lightyellow	0.160964485107729
SRR9042959	red	0.0372677304599252
SRR9042959	magenta	0.100189807262665
SRR9042959	yellow	0.113647707629211
SRR9042959	blue	0.139424044413624
SRR9042959	grey60	-0.0618513691367776
SRR9042959	black	0.0121157669364154
SRR9042959	midnightblue	0.0182542359202829
SRR9042959	brown	-0.0163704925503138
SRR9042959	green	-0.117640937760786
SRR9042959	salmon	0.00262028062072998
SRR9042959	pink	-0.205320061255689
SRR9042959	tan	-0.125473262663581
SRR9042959	turquoise	-0.0762842673113325
SRR9042959	lightcyan	-0.221072614931234
SRR9042959	cyan	-0.104217813797362
SRR9042959	greenyellow	-0.144100515011802
SRR9042959	lightgreen	-0.148195769768741
SRR9042959	grey	-0.00158019504008681
SRR9042960	purple	0.0730196596535182
SRR9042960	royalblue	0.120781047080629
SRR9042960	lightyellow	0.154354798217894
SRR9042960	red	0.0358095381869102
SRR9042960	magenta	0.0975889320794035
SRR9042960	yellow	0.112491061738241
SRR9042960	blue	0.138555905678578
SRR9042960	grey60	-0.0623546744333034
SRR9042960	black	0.0121564573041426
SRR9042960	midnightblue	0.0195601589512485
SRR9042960	brown	-0.0175081306173205
SRR9042960	green	-0.121487833282835
SRR9042960	salmon	0.00156912208388286
SRR9042960	pink	-0.211437820770898
SRR9042960	tan	-0.130933387512438
SRR9042960	turquoise	-0.0778824877828618
SRR9042960	lightcyan	-0.206693149053572
SRR9042960	cyan	-0.100150708432191
SRR9042960	greenyellow	-0.157787444977187
SRR9042960	lightgreen	-0.162437779526914
SRR9042960	grey	-0.00168625078190326
SRR9042961	purple	0.0742260411188046
SRR9042961	royalblue	0.128283432969207
SRR9042961	lightyellow	0.160179565345562
SRR9042961	red	0.0323135186591812
SRR9042961	magenta	0.0989781983484118
SRR9042961	yellow	0.111805361642062
SRR9042961	blue	0.139659956484003
SRR9042961	grey60	-0.0652792731476845
SRR9042961	black	0.014184682697997
SRR9042961	midnightblue	0.0211465058012361
SRR9042961	brown	-0.0175777310509498
SRR9042961	green	-0.118874049222606
SRR9042961	salmon	0.00336951989634405
SRR9042961	pink	-0.203276494671681
SRR9042961	tan	-0.122330329850376
SRR9042961	turquoise	-0.0764679014202173
SRR9042961	lightcyan	-0.21222959207301
SRR9042961	cyan	-0.100488255710247
SRR9042961	greenyellow	-0.149864612195633
SRR9042961	lightgreen	-0.152452901467806
SRR9042961	grey	-0.00175681284826266
