Module	TopHub
black	gene-THAPSDRAFT_24099
blue	gene-THAPSDRAFT_268350
brown	gene-THAPSDRAFT_3936
cyan	gene-THAPSDRAFT_25810
darkgreen	gene-THAPSDRAFT_1075
darkgrey	gene-THAPSDRAFT_263425
darkred	gene-THAPSDRAFT_21645
darkturquoise	gene-THAPSDRAFT_25075
green	gene-THAPSDRAFT_21611
greenyellow	gene-THAPSDRAFT_23263
grey60	gene-THAPSDRAFT_23012
lightcyan	gene-THAPS_263081
lightgreen	gene-THAPSDRAFT_23719
lightyellow	gene-THAPSDRAFT_11191
magenta	gene-THAPS_7180
midnightblue	gene-THAPSDRAFT_21258
orange	gene-THAPSDRAFT_21599
pink	gene-THAPSDRAFT_20739
purple	gene-THAPS_25346
red	gene-THAPSDRAFT_3866
royalblue	gene-THAPSDRAFT_1931
salmon	gene-THAPSDRAFT_174
tan	gene-THAPSDRAFT_4574
turquoise	gene-THAPSDRAFT_38559|GSK-3
yellow	gene-THAPSDRAFT_262796|ACP3
