module	Midday____Midnight	Air____CO2
MEpink	0.148946105637246	-0.40797295773383
MEorange	0.542323971157051	-0.51624436392557
MEblue	0.863978572460484	-0.212620454433453
MEyellow	0.782808955460246	-0.0326421639885455
MEbrown	0.285702682804933	-0.302858950285428
MEgreen	-0.492803032219682	-0.150152611285253
MEdarkturquoise	-0.422487973291653	-0.144863743762451
MEblack	-0.220244678703639	0.0883733858470637
MElightgreen	-0.194051935338877	-0.172868407848801
MEdarkgreen	-0.43675847412718	0.195265581570183
MEmidnightblue	-0.849120283560666	-0.0593037534105147
MEred	-0.0544121015977082	0.365270357023866
MEtan	0.511362329097696	0.185824173096162
MEdarkgrey	0.0504048268949893	-0.12552433901027
MEmagenta	0.368828197381328	0.16195262286879
MEcyan	-0.0369919437024509	-0.21331885912285
MEpurple	0.00164287061878154	0.0284001919071937
MEdarkred	0.636797906848844	-0.0205319464642836
MElightyellow	0.506905491589264	-0.438714172335168
MEgrey60	-0.0429544987086181	0.0781138942063951
MEsalmon	-0.73089123776469	0.0447701397112793
MEturquoise	-0.849967602528903	0.269018185875156
MEroyalblue	-0.441535008103516	0.087710323535728
MEgreenyellow	-0.602735796706825	0.32780906585132
MElightcyan	-0.60236417406605	-0.0115391191250174
MEgrey	0.102145675330064	0.104380035210378
