Power	SFT.R.sq	slope	truncated.R.sq	mean.k.	median.k.	max.k.
1	0.0506886001583733	-1.94749382791094	0.563638824445745	5693.68313688721	5780.00752897536	6040.94910902056
2	0.0262778347920347	1.72389601171848	0.788471673470707	3313.33694702226	3331.68770201202	4009.28828703997
4	0.204075804464115	3.85238956839033	0.162981460160653	1463.87446480179	1433.30426462401	2415.50249074831
6	0.107673839333516	0.288243239223836	0.913666328218842	800.167215450246	746.836108054423	1720.15627470063
8	0.282457539974716	-0.441856132225133	0.940068071048877	497.100355342205	431.744336453087	1324.87278245511
10	0.675462877852824	-0.811334518061336	0.942826286320336	335.821961404561	267.263932304404	1065.62058404529
12	0.824566851619369	-0.977943246654829	0.958110832360267	240.50346302249	173.236399299828	880.816893580648
14	0.866203701148146	-1.08020516689611	0.956484285099137	179.756977619412	115.770337383701	751.203155968597
16	0.874088982717625	-1.15043252586745	0.94396786508346	138.801151065985	80.5690458530299	651.514242497947
18	0.882887058860263	-1.19096793165554	0.940140945723113	109.961794438929	57.0689865423196	571.421173117217
20	0.889607765113198	-1.21146296586861	0.940136879968643	88.9411359949789	41.0588743262994	505.658400087986
22	0.878673616985636	-1.23042773638068	0.928556077762159	73.1831905572397	30.1590692568425	450.740279849342
24	0.884662400794287	-1.23726598822747	0.930631478732249	61.0920301446438	22.5724493242577	404.252579446676
26	0.891098685405458	-1.23853422735889	0.93336775238839	51.6303478912802	17.2855608510645	364.461337141392
28	0.892395388439713	-1.23929995716369	0.931241433126754	44.1008358054495	13.382781542226	330.083776123659
30	0.902220266505483	-1.23190518904668	0.937501677253544	38.021124169822	10.390503780249	300.147399440454
